,UUT_COMMAND_TLM_PACKET_TIMESECONDS,UUT_COMMAND_TLM_PACKET_TIMEFORMATTED,UUT_COMMAND_TLM_RECEIVED_TIMESECONDS,UUT_COMMAND_TLM_RECEIVED_TIMEFORMATTED,UUT_COMMAND_TLM_RECEIVED_COUNT,UUT_COMMAND_TLM_SYNC,UUT_COMMAND_TLM_MSG_ID,UUT_COMMAND_TLM_LEN,UUT_COMMAND_TLM_SEQ,UUT_COMMAND_TLM_CCSDS_TAI_SECS,UUT_COMMAND_TLM_CCSDS_TAI_SUBSECS,UUT_COMMAND_TLM_CCSDS_REALTIME,UUT_COMMAND_TLM_REALTIME_CMD_ACCEPT_COUNT,UUT_COMMAND_TLM_REALTIME_CMD_REJECT_COUNT,UUT_COMMAND_TLM_STORED_CMD_ACCEPT_COUNT,UUT_COMMAND_TLM_STORED_CMD_REJECT_COUNT,UUT_COMMAND_TLM_SEQUENCE_CMD_ACCEPT_COUNT,UUT_COMMAND_TLM_SEQUENCE_CMD_REJECT_COUNT,UUT_COMMAND_TLM_STORED_TIMED_CMDS_ENABLED,UUT_COMMAND_TLM_MACROS_ENABLED,UUT_TIME_TAI_SECONDS,UUT_TIME_TIME_VALID,UUT_CLOCK_SYNC_HR_RUN_COUNT,UUT_GENERAL_VOLUME_PERCENT_USED,UUT_GENERAL_MEM_TOTAL,UUT_GENERAL_MEM_FREE,UUT_GENERAL_MEM_AVAILABLE,UUT_ANALOGS_DET_TEMP,UUT_ANALOGS_MOTOR1_TEMP,UUT_ANALOGS_MOTOR2_TEMP,UUT_ANALOGS_MOTOR3_TEMP,UUT_ANALOGS_BATTERY_VOLTAGE,UUT_ANALOGS_BATTERY1_TEMP,UUT_ANALOGS_BUS_TEMP,UUT_ANALOGS_PAYLOAD_TEMP,UUT_ANALOGS_5V_MON,UUT_ANALOGS_3V3_MON,UUT_ANALOGS_V3_9V_MON,UUT_ANALOGS_V4_9V_MON,UUT_ANALOGS_5V_CURR_MON,UUT_ANALOGS_3V3_CURR_MON,UUT_ANALOGS_V3_9V_CURR_MON,UUT_ANALOGS_V4_9V_CURR_MON,UUT_ANALOGS_5V_AUX_MON,UUT_ANALOGS_VSOLAR_MON,UUT_ANALOGS_BB_TEMP_MON,UUT_ANALOGS_BUCK_TEMP_MON,UUT_ANALOGS_I_SOLAR_MON,UUT_ANALOGS_I_BAT1_MON,UUT_ANALOGS_I_CHG_MON,UUT_POWER_HEATER_STATUS1,UUT_REFS_TIME_NOW,UUT_REFS_POSITION_WRT_ECEF1,UUT_REFS_POSITION_WRT_ECEF2,UUT_REFS_POSITION_WRT_ECEF3,UUT_REFS_VELOCITY_WRT_ECEF1,UUT_REFS_VELOCITY_WRT_ECEF2,UUT_REFS_VELOCITY_WRT_ECEF3,UUT_REFS_POSITION_WRT_ECI1,UUT_REFS_POSITION_WRT_ECI2,UUT_REFS_POSITION_WRT_ECI3,UUT_REFS_VELOCITY_WRT_ECI1,UUT_REFS_VELOCITY_WRT_ECI2,UUT_REFS_VELOCITY_WRT_ECI3,UUT_REFS_REFS_VALID,UUT_GPS_GPS_TIME,UUT_GPS_GPS_POSITION_ECEF1,UUT_GPS_GPS_POSITION_ECEF2,UUT_GPS_GPS_POSITION_ECEF3,UUT_GPS_GPS_VELOCITY_ECEF1,UUT_GPS_GPS_VELOCITY_ECEF2,UUT_GPS_GPS_VELOCITY_ECEF3,UUT_GPS_MSG_GPS_TEMP1,UUT_GPS_MSG_GPS_TEMP2,UUT_GPS_MSG_USED_SATELLITES,UUT_GPS_GPS_POS_LOCK,UUT_GPS_GPS_TIME_LOCK,UUT_GPS_MSG_DATA_VALID,UUT_GPS_GPS_NEW_DATA_RECEIVED,UUT_GPS_GPS_ENABLE,UUT_GPS_GPS_VALID,UUT_ATT_CMD_ADCS_MODE,UUT_ATT_CMD_RECOMMEND_SUN_POINT,UUT_ATT_CMD_SUN_POINT_REASON,UUT_ATT_CTRL_SUN_POINT_ANGLE_ERROR,UUT_ATT_CTRL_SUN_POINT_STATE,UUT_ATT_CTRL_MOMENTUM_TOO_HIGH,UUT_ATT_CTRL_ATT_CTRL_ACTIVE,UUT_ATT_DET_Q_BODY_WRT_ECI1,UUT_ATT_DET_Q_BODY_WRT_ECI2,UUT_ATT_DET_Q_BODY_WRT_ECI3,UUT_ATT_DET_Q_BODY_WRT_ECI4,UUT_ATT_DET_BODY_RATE1,UUT_ATT_DET_BODY_RATE2,UUT_ATT_DET_BODY_RATE3,UUT_ATT_DET_MEAS_RATE_VALID,UUT_ATT_DET_MEAS_ATT_VALID,UUT_ATT_DET_ATTITUDE_VALID,UUT_ATT_DET_REINIT_COUNT,UUT_CSS_CSS_INVALID_COUNT,UUT_MOMENTUM_TOTAL_MOMENTUM_MAG,UUT_MOMENTUM_DUTY_CYCLE1,UUT_MOMENTUM_DUTY_CYCLE2,UUT_MOMENTUM_DUTY_CYCLE3,UUT_MOMENTUM_TORQUE_ROD_MODE1,UUT_MOMENTUM_TORQUE_ROD_MODE2,UUT_MOMENTUM_TORQUE_ROD_MODE3,UUT_TRACKER_ATTITUDE_ST1,UUT_TRACKER_ATTITUDE_ST2,UUT_TRACKER_ATTITUDE_ST3,UUT_TRACKER_ATTITUDE_ST4,UUT_TRACKER_RATE_EST1,UUT_TRACKER_RATE_EST2,UUT_TRACKER_RATE_EST3,UUT_TRACKER_PEAK_BCKGND_ALL_TRK_BLKS,UUT_TRACKER_MEDIAN_BCKGND_ALL_TRK_BLKS,UUT_TRACKER_OPERATING_MODE,UUT_TRACKER_ATT_STATUS,UUT_TRACKER_NUM_ATTITUDE_STARS,UUT_TRACKER_NUM_TRACK_STARS,UUT_EVENT_CHECK_CHECK_ENABLED_PACK_BIT1,UUT_EVENT_CHECK_CHECK_ENABLED_PACK_BIT2,UUT_EVENT_CHECK_CHECK_ENABLED_PACK_BIT4,UUT_EVENT_CHECK_CHECK_ENABLED_PACK_BIT5,UUT_EVENT_CHECK_CHECK_ENABLED_PACK_BIT6,UUT_EVENT_CHECK_CHECK_ENABLED_PACK_BIT7,UUT_EVENT_CHECK_CHECK_ENABLED_PACK_BIT8,UUT_EVENT_CHECK_CHECK_ENABLED_PACK_BIT9,UUT_EVENT_CHECK_CHECK_ENABLED_PACK_BIT10,UUT_EVENT_CHECK_CHECK_ENABLED_PACK_BIT13,UUT_EVENT_CHECK_CHECK_ENABLED_PACK_BIT14,UUT_EVENT_CHECK_CHECK_ENABLED_PACK_BIT15,UUT_EVENT_CHECK_CHECK_ENABLED_PACK_BIT16,UUT_EVENT_CHECK_CHECK_ENABLED_PACK_BIT17,UUT_EVENT_CHECK_CHECK_ENABLED_PACK_BIT18,UUT_EVENT_CHECK_CHECK_ENABLED_PACK_BIT19,UUT_EVENT_CHECK_CHECK_ENABLED_PACK_BIT20,UUT_EVENT_CHECK_CHECK_ENABLED_PACK_BIT21,UUT_EVENT_CHECK_CHECK_ENABLED_PACK_BIT22,UUT_EVENT_CHECK_CHECK_ENABLED_PACK_BIT23,UUT_EVENT_CHECK_CHECK_ENABLED_PACK_BIT29,UUT_EVENT_CHECK_CHECK_ENABLED_PACK_BIT30,UUT_EVENT_CHECK_CHECK_ENABLED_PACK_BIT37,UUT_EVENT_CHECK_CHECK_ENABLED_PACK_BIT38,UUT_EVENT_CHECK_CHECK_ENABLED_PACK_BIT40,UUT_EVENT_CHECK_CHECK_ENABLED_PACK_BIT41,UUT_EVENT_CHECK_CHECK_ENABLED_PACK_BIT42,UUT_EVENT_CHECK_LATCHED_RESP_FIRE_PACK_BIT1,UUT_EVENT_CHECK_LATCHED_RESP_FIRE_PACK_BIT2,UUT_EVENT_CHECK_LATCHED_RESP_FIRE_PACK_BIT13,UUT_EVENT_CHECK_LATCHED_RESP_FIRE_PACK_BIT14,UUT_EVENT_CHECK_LATCHED_RESP_FIRE_PACK_BIT15,UUT_REFS_NADIR_VECTOR_BODY1,UUT_REFS_NADIR_VECTOR_BODY2,UUT_REFS_NADIR_VECTOR_BODY3,UUT_REFS_MODELED_SUN_VECTOR_BODY1,UUT_REFS_MODELED_SUN_VECTOR_BODY2,UUT_REFS_MODELED_SUN_VECTOR_BODY3,UUT_REFS_MOON_VECTOR_BODY1,UUT_REFS_MOON_VECTOR_BODY2,UUT_REFS_MOON_VECTOR_BODY3,UUT_REFS_Q_ECEF_WRT_ECI1,UUT_REFS_Q_ECEF_WRT_ECI2,UUT_REFS_Q_ECEF_WRT_ECI3,UUT_REFS_Q_ECEF_WRT_ECI4,UUT_RW_DRIVE_FILTERED_SPEED_RPM1,UUT_RW_DRIVE_FILTERED_SPEED_RPM2,UUT_RW_DRIVE_FILTERED_SPEED_RPM3,UUT_IMU_IMU_AVG_VECTOR_BODY1_DPS,UUT_IMU_IMU_AVG_VECTOR_BODY2_DPS,UUT_IMU_IMU_AVG_VECTOR_BODY3_DPS,UUT_REFS_SUN_MODEL_VECTOR_ECI1,UUT_REFS_SUN_MODEL_VECTOR_ECI2,UUT_REFS_SUN_MODEL_VECTOR_ECI3,UUT_REFS_MOON_MODEL_VECTOR_ECI1,UUT_REFS_MOON_MODEL_VECTOR_ECI2,UUT_REFS_MOON_MODEL_VECTOR_ECI3,timestamp_
0,1678825218.55917,44999.6807703588,1678825218.55917,44999.6807703588,20687,1.35822722913205e+19,1,512,1,732140452,0,REALTIME,45,0,160,0,0,0,EN,EN,732140451.999995,YES,40147859,25,85,17,19,21.60000027,18.8149996237,19.1099996178,18.7149996257,12.2220006111,16.1999996759999,17.72100070884,12.69950050798,4.98800019952,3.32300013292,3.90600015624,3.96950015878,0.2075000083,0.61650002466,0.02450000098,0.02450000098,5.0225002009,17.04450068178,22.11400088456,20.37700081508,1.79350007174,-0.35400001416,0.9300000372,OFF,732140452.199995,4589.3477105326,-1453.2697473365,4575.42395122879,-0.7337717,6.828207005,2.89624929,-775.042081247894,4749.61616251918,4577.01493114924,-6.09336581,-3.806816965,2.909999805,YES,732140451,4590.22409048878,-1461.47032692647,4571.93205140338,-0.72785073,6.825604885,2.903107475,21.5514281404,22.4657138364,11,YES,YES,NO,NO,YES,YES,FINE_REF_POINT,NO,ATTITUDE_INVALID,35.0009976666,NOT_ACTIVE,NO,YES,-0.171185032576299,-0.531876518362469,0.633700909825981,0.535001094299977,-0.00050034,-0.001120705,-0.00116726,YES,YES,YES,1008,0,0.0025000001,4,6,16,AUTO,AUTO,AUTO,-0.302026372558593,0.444265559082031,0.760907336914062,0.3639068671875,-0.0011524999539,-0.0013099999475999,-0.0004974999801,216,148,TRACK,OK,40,40,1,1,1,1,1,1,1,1,0,1,1,1,0,1,1,1,1,1,1,1,1,1,1,1,1,0,0,0,0,0,0,0,-0.900879977478,0.434039989149,0.000519999987,-0.469239988269,-0.469279988268,-0.748039981299,-0.855119978622,0.348759991281,0.383559990411,0.0009443429716697,0.0005980399820587,0.852453842426383,0.522801239315962,-1025.1120512556,657.4060328703,623.8820311941,-0.0716197222427611,0.0618794400177456,-0.272154944522492,0.993879975153,-0.101239997469,-0.043919998902,-0.158999996025,-0.875639978109,-0.456039988599,2023-03-14 20:20:18.559170048
1,1678825219.54331,44999.6807817477,1678825219.54331,44999.6807817477,20688,1.35822722913205e+19,1,512,2,732140453,0,REALTIME,45,0,160,0,0,0,EN,EN,732140452.999995,YES,40147864,25,85,17,19,21.60000027,18.7949996240999,19.1099996178,18.7149996257,12.2420006121,16.1999996759999,17.76050071042,12.69950050798,4.98550019942,3.32050013282,3.90600015624,3.96950015878,0.2075000083,0.65900002636,0.02450000098,0.02450000098,5.0225002009,16.94700067788,22.11400088456,20.3975008159,1.87800007512,-0.18300000732,1.01550004062,OFF,732140453.199995,4588.61133056942,-1446.44050767797,4578.31707108413,-0.73898276,6.830275455,2.890015705,-781.134920943251,4745.80612270968,4579.92181100389,-6.092309255,-3.81326395,2.903764055,YES,732140452,4589.49385052529,-1454.64372726781,4574.83199125838,-0.733109545,6.827694675,2.896877095,21.5514281404,22.4657138364,13,YES,YES,NO,NO,YES,YES,FINE_REF_POINT,NO,ATTITUDE_INVALID,35.0009976666,NOT_ACTIVE,NO,YES,-0.170665266086694,-0.532426358851472,0.633320283833594,0.53507094629858,-0.000438415,-0.001069685,-0.001160035,YES,YES,YES,1008,0,0.0025000001,4,6,17,AUTO,AUTO,AUTO,-0.301827694824218,0.443556229003906,0.761281052246093,0.364155288085937,-0.0010924999563,-0.0013224999471,-0.000774999969,216,148,TRACK,OK,35,35,1,1,1,1,1,1,1,1,0,1,1,1,0,1,1,1,1,1,1,1,1,1,1,1,1,0,0,0,0,0,0,0,-0.901439977464,0.432959989176,0.000519999987,-0.469439988264,-0.469479988263,-0.747799981305,-0.855159978621,0.347479991313,0.384639990384,0.000944363971669,0.0005980059820598,0.852472904425812,0.522770158316894,-1018.6120509306,663.0420331521,624.4580312229,-0.0613064822398035,0.0607335244618614,-0.275019733412202,0.993879975153,-0.101239997469,-0.043919998902,-0.158959996026,-0.875639978109,-0.456039988599,2023-03-14 20:20:19.543309824
2,1678825220.51609,44999.6807930093,1678825220.51609,44999.6807930093,20689,1.35822722913205e+19,1,512,3,732140454,0,REALTIME,45,0,160,0,0,0,EN,EN,732140453.999995,YES,40147869,25,85,17,19,21.60000027,18.8149996237,19.1099996178,18.7149996257,12.2620006131,16.1999996759999,17.800000712,12.71950050878,4.98800019952,3.32050013282,3.90600015624,3.96950015878,0.2075000083,0.61650002466,0.02450000098,0.02450000098,5.0225002009,16.75150067006,22.11400088456,20.37700081508,1.73700006948,-0.04900000196,1.1550000462,OFF,732140454.199995,4587.8697506065,-1439.60920801953,4581.20397093978,-0.744192505,6.832335425,2.8837782,-787.226700638662,4741.9896429005,4582.82245085886,-6.091244435,-3.81970575,2.89752436,YES,732140453,4588.7576505621,-1447.81484760925,4577.72545111371,-0.738280775,6.82977593,2.890632785,21.5514281404,22.4657138364,12,YES,YES,NO,NO,YES,YES,FINE_REF_POINT,NO,ATTITUDE_INVALID,35.0009976666,NOT_ACTIVE,NO,YES,-0.170124221597515,-0.532996856340062,0.632927540341448,0.5351399717972,-0.00061137,-0.00121221,-0.001235645,YES,YES,YES,1008,0,0.0025000001,4,6,17,AUTO,AUTO,AUTO,-0.301538540039062,0.442887803222656,0.761732492675781,0.36426434375,-0.0011299999548,-0.0012349999505999,5.99999975999999e-05,212,144,TRACK,OK,39,39,1,1,1,1,1,1,1,1,0,1,1,1,0,1,1,1,1,1,1,1,1,1,1,1,1,0,0,0,0,0,0,0,-0.901959977451,0.431799989205,0.000559999986,-0.469639988259,-0.469679988258,-0.747559981311,-0.85519997862,0.346199991345,0.385719990357,0.0009443859716684,0.0005979709820608,0.85249196342524,0.522739076317827,-1024.3760512188,654.4700327235,626.9100313455,-0.0727656377986453,0.0538580311265564,-0.276738606746029,0.993879975153,-0.101239997469,-0.043919998902,-0.158959996026,-0.875639978109,-0.456039988599,2023-03-14 20:20:20.516089856
3,1678825221.5001,44999.6808043982,1678825221.5001,44999.6808043982,20690,1.35822722913205e+19,1,512,4,732140455,0,REALTIME,45,0,160,0,0,0,EN,EN,732140454.999995,YES,40147874,25,85,17,19,21.60000027,18.8149996237,19.1099996178,18.7149996257,12.2620006131,16.1999996759999,17.800000712,12.65900050636,4.98550019942,3.32300013292,3.90600015624,3.9650001586,0.23800000952,0.5675000227,0.02450000098,0.02450000098,5.0225002009,16.5175006607,22.1350008854,20.3975008159,2.10350008414,0.12200000488,1.32100005284,OFF,732140455.199995,4587.12295064384,-1432.7758483612,4584.08463079575,-0.74940093,6.834386905,2.877536775,-793.317420334127,4738.16672309165,4585.71687071414,-6.09017134,-3.82614235,2.89128073,YES,732140454,4588.01687059914,-1440.98414795078,4580.61285096934,-0.743486325,6.831819465,2.88441256,21.5514281404,22.4657138364,13,YES,YES,NO,NO,YES,YES,FINE_REF_POINT,NO,ATTITUDE_INVALID,35.0009976666,NOT_ACTIVE,NO,YES,-0.169616716107665,-0.533537869829242,0.632550883348982,0.535207297295853,-0.000414355,-0.001027305,-0.00123699,YES,YES,YES,1008,0,0.0025000001,4,6,16,AUTO,AUTO,AUTO,-0.30127862890625,0.44222266015625,0.762161441894531,0.364390233886718,-0.0010649999573999,-0.0012349999505999,9.74999960999999e-05,212,148,TRACK,OK,43,43,1,1,1,1,1,1,1,1,0,1,1,1,0,1,1,1,1,1,1,1,1,1,1,1,1,0,0,0,0,0,0,0,-0.902479977438,0.430679989233,0.000519999987,-0.469839988254,-0.469839988254,-0.747319981317,-0.855239978619,0.344959991376,0.386759990331,0.0009444079716677,0.0005979369820618,0.852511022424668,0.522707993318759,-1023.8840511942,655.9900327995,626.1460313073,-0.0653171866853981,0.0658901444633402,-0.279603395635739,0.993879975153,-0.101239997469,-0.043919998902,-0.158919996027,-0.875639978109,-0.456079988598,2023-03-14 20:20:21.500099840
4,1678825222.47089,44999.680815625,1678825222.47089,44999.680815625,20691,1.35822722913205e+19,1,512,5,732140456,0,REALTIME,45,0,160,0,0,0,EN,EN,732140455.999995,YES,40147879,25,85,17,19,21.60000027,18.7949996240999,19.1099996178,18.7149996257,12.280000614,16.1799996763999,17.800000712,12.69950050798,4.98800019952,3.32300013292,3.90600015624,3.96950015878,0.2075000083,0.64700002588,0.02450000098,0.02450000098,5.0225002009,16.26350065054,22.15550088622,20.4175008167,1.90600007624,0.13450000538,1.3575000543,OFF,732140456.199995,4586.37095068144,-1425.94042870297,4586.95905065203,-0.75460803,6.8364299,2.871291445,-799.407040029645,4734.33736328312,4588.60501056973,-6.08908998,-3.83257374,2.885033175,YES,732140455,4587.27029063647,-1434.15130829243,4583.4937508253,-0.74873261,6.83387116,2.878148855,21.5514281404,22.4657138364,12,YES,YES,NO,NO,YES,YES,FINE_REF_POINT,NO,ATTITUDE_INVALID,35.0009976666,NOT_ACTIVE,NO,YES,-0.169104424617911,-0.534070628318587,0.632182396356351,0.535273421294531,-0.000556315,-0.000908485,-0.001239845,YES,YES,YES,1008,0,0.0025000001,4,7,15,AUTO,AUTO,AUTO,-0.301028921874999,0.441558072753906,0.762569487792968,0.364548806640625,-0.0010724999571,-0.0012899999483999,-0.0001424999942999,212,148,TRACK,OK,35,36,1,1,1,1,1,1,1,1,0,1,1,1,0,1,1,1,1,1,1,1,1,1,1,1,1,0,0,0,0,0,0,0,-0.902999977425,0.42959998926,0.000479999988,-0.470039988249,-0.470039988249,-0.747079981323,-0.855279978618,0.343719991407,0.387799990305,0.0009444299716671,0.0005979029820629,0.852530080424096,0.522676910319692,-1018.4760509238,653.5980326799,629.0500314525,-0.0727656377986453,0.0739115533545295,-0.279603395635739,0.993879975153,-0.101239997469,-0.043919998902,-0.158919996027,-0.875639978109,-0.456079988598,2023-03-14 20:20:22.470889984
5,1678825223.45209,44999.6808269907,1678825223.45209,44999.6808269907,20692,1.35822722913205e+19,1,512,6,732140457,0,REALTIME,45,0,160,0,0,0,EN,EN,732140456.999995,YES,40147884,25,85,17,19,21.60000027,18.8149996237,19.1099996178,18.7149996257,12.300000615,16.1799996763999,17.76050071042,12.7400005096,4.98550019942,3.32300013292,3.90150015606,3.96950015878,0.2075000083,0.6225000249,0.02450000098,0.02450000098,5.0225002009,15.67800062712,22.15550088622,20.3975008159,2.02800008112,0.15850000634,1.44050005762,OFF,732140457.199995,4585.6137307193,-1419.10298904484,4589.82721050862,-0.759813805,6.838464405,2.865042215,-805.495579725218,4730.50156347491,4591.48693042564,-6.08800035,-3.838999915,2.8787817,YES,732140456,4586.51899067403,-1427.31634863417,4586.36875068155,-0.7539463,6.835924845,2.87188572,21.5514281404,22.4657138364,11,YES,YES,NO,NO,YES,YES,FINE_REF_POINT,NO,ATTITUDE_INVALID,35.0009976666,NOT_ACTIVE,NO,YES,-0.168558306628833,-0.53462546930749,0.631811998363759,0.535329117293417,-0.00050026,-0.00104087,-0.001187895,YES,YES,YES,1008,0,0.0025000001,4,6,16,AUTO,AUTO,AUTO,-0.300775434082031,0.440880541503906,0.762985625976562,0.364707308105468,-0.0010699999572,-0.0012299999508,-0.000424999983,212,148,TRACK,OK,45,45,1,1,1,1,1,1,1,1,0,1,1,1,0,1,1,1,1,1,1,1,1,1,1,1,1,0,0,0,0,0,0,0,-0.903559977411,0.428479989288,0.000519999987,-0.470279988243,-0.470239988244,-0.74679998133,-0.855279978618,0.342479991438,0.388879990278,0.0009444519716664,0.0005978679820639,0.852549136423525,0.522645826320624,-1024.300051215,652.6840326342,630.3140315157,-0.0687549333530507,0.0544309889044984,-0.27444677563426,0.993879975153,-0.101239997469,-0.043919998902,-0.158919996027,-0.875639978109,-0.456079988598,2023-03-14 20:20:23.452090112
6,1678825224.42411,44999.6808382407,1678825224.42411,44999.6808382407,20693,1.35822722913205e+19,1,512,7,732140458,0,REALTIME,45,0,160,0,0,0,EN,EN,732140457.999995,YES,40147889,25,85,17,19,21.60000027,18.8149996237,19.1099996178,18.7149996257,12.280000614,16.1799996763999,17.68100070724,12.67950050718,4.98800019952,3.32300013292,3.90600015624,3.9650001586,0.21950000878,0.61650002466,0.02450000098,0.02450000098,5.0225002009,14.99450059978,22.17600088704,20.3975008159,2.15050008602,0.14650000586,1.42100005684,OFF,732140458.199995,4584.85131075742,-1412.26350938682,4592.68913036553,-0.76501824,6.84049041,2.858789095,-811.583039420845,4726.65936366701,4594.36259028185,-6.08690246,-3.845420865,2.872526315,YES,732140457,4585.76245071186,-1420.47930897603,4589.23747053811,-0.75912355,6.83797314,2.86567767,21.5514281404,22.4657138364,12,YES,YES,NO,NO,YES,YES,FINE_REF_POINT,NO,ATTITUDE_INVALID,35.0009976666,NOT_ACTIVE,NO,YES,-0.168048826639023,-0.535155546796888,0.631429666371406,0.535410748291784,-0.000541625,-0.00107269,-0.00121045,YES,YES,YES,1008,0,0.0025000001,4,6,16,AUTO,AUTO,AUTO,-0.300524474609375,0.440203706542968,0.763402764160156,0.364858817382812,-0.0012074999517,-0.0012899999483999,-0.0003974999841,208,148,TRACK,OK,44,44,1,1,1,1,1,1,1,1,0,1,1,1,0,1,1,1,1,1,1,1,1,1,1,1,1,0,0,0,0,0,0,0,-0.904079977398,0.427359989316,0.000479999988,-0.470439988239,-0.470479988238,-0.746559981336,-0.855319978617,0.341239991469,0.389879990253,0.0009444729716658,0.0005978339820649,0.852568192422953,0.522614741321557,-1026.4180513209,650.5980325299,628.9620314481,-0.0704738066868769,0.0653171866853981,-0.280176353413681,0.993879975153,-0.101239997469,-0.043919998902,-0.158879996028,-0.875639978109,-0.456119988597,2023-03-14 20:20:24.424109824
7,1678825225.50712,44999.6808507755,1678825225.50712,44999.6808507755,20694,1.35822722913205e+19,1,512,8,732140459,0,REALTIME,45,0,160,0,0,0,EN,EN,732140458.999995,YES,40147894,25,85,17,19,21.60000027,18.8149996237,19.1099996178,18.7149996257,12.280000614,16.1799996763999,17.7800007112,12.71950050878,4.98550019942,3.32050013282,3.90600015624,3.96950015878,0.22600000904,0.64100002564,0.02450000098,0.02450000098,5.0225002009,15.11150060446,22.2175008887,20.3975008159,2.09400008376,0.21350000854,1.42600005704,OFF,732140459.199995,4584.0836907958,-1405.42200972889,4595.54479022274,-0.770221335,6.84250792,2.852532095,-817.669399116528,4722.81072385945,4597.23197013838,-6.0857963,-3.85183658,2.86626703,YES,732140458,4585.00065074995,-1413.64048931797,4592.099770395,-0.764340595,6.84001805,2.859421585,21.6114281391999,22.4657138364,12,YES,YES,NO,NO,YES,YES,FINE_REF_POINT,NO,ATTITUDE_INVALID,35.0009976666,NOT_ACTIVE,NO,YES,-0.167501897649961,-0.53568444428631,0.631078424878431,0.535467340290653,-0.00049071,-0.00102758,-0.00106996,YES,YES,YES,1008,0,0.0025000001,4,6,16,AUTO,AUTO,AUTO,-0.300265605957031,0.439529937011718,0.763827123046875,0.364996062988281,-0.0011349999546,-0.0012374999504999,-0.0006324999747,208,148,TRACK,OK,40,40,1,1,1,1,1,1,1,1,0,1,1,1,0,1,1,1,1,1,1,1,1,1,1,1,1,0,0,0,0,0,0,0,-0.904599977385,0.426279989343,0.000479999988,-0.470679988233,-0.470719988232,-0.746239981344,-0.855319978617,0.340039991499,0.390919990227,0.0009444949716651,0.000597798982066,0.852587246422381,0.522583656322489,-1019.9100509955,649.2740324637,627.7780313889,-0.0653171866853981,0.0647442289074561,-0.271009028966608,0.993879975153,-0.101239997469,-0.043919998902,-0.158879996028,-0.875639978109,-0.456119988597,2023-03-14 20:20:25.507119872
8,1678825226.37819,44999.6808608565,1678825226.37819,44999.6808608565,20695,1.35822722913205e+19,1,512,9,732140460,0,REALTIME,45,0,160,0,0,0,EN,EN,732140459.999995,YES,40147899,25,85,17,19,21.60000027,18.8149996237,19.1099996178,18.7149996257,12.280000614,16.1799996763999,17.72100070884,12.63900050556,4.98800019952,3.32300013292,3.90600015624,3.96950015878,0.2075000083,0.61050002442,0.02450000098,0.02450000098,5.0225002009,15.50200062008,22.2175008887,20.3975008159,1.925000077,0.18900000756,1.42800005712,OFF,732140460.199995,4583.31087083444,-1398.57849007107,4598.39419008027,-0.775423085,6.84451693,2.846271215,-823.754638812266,4718.9556840522,4600.09510999523,-6.08468188,-3.858247055,2.860003855,YES,732140459,4584.2337507883,-1406.79948966002,4594.95597025219,-0.76952201,6.84203754,2.85315951,21.6114281391999,22.4657138364,12,YES,YES,NO,NO,YES,YES,FINE_REF_POINT,NO,ATTITUDE_INVALID,35.0009976666,NOT_ACTIVE,NO,YES,-0.166968545660629,-0.536253162274936,0.63068296188634,0.535530589289388,-0.00064185,-0.00104989,-0.00129513,YES,YES,YES,1008,0,0.0025000001,4,6,16,AUTO,AUTO,AUTO,-0.300028264648437,0.438825980957031,0.764233631347656,0.365187287597656,-0.0011024999558999,-0.0013874999444999,-0.0006774999729,212,148,TRACK,OK,37,37,1,1,1,1,1,1,1,1,0,1,1,1,0,1,1,1,1,1,1,1,1,1,1,1,1,0,0,0,0,0,0,0,-0.905119977372,0.425119989372,0.000519999987,-0.470879988228,-0.470879988228,-0.74599998135,-0.855319978617,0.338719991532,0.392039990199,0.0009445169716644,0.000597764982067,0.85260629942181,0.522552570323422,-1027.5520513776,648.0960324048,627.9980313999,-0.0716197222427611,0.0618794400177456,-0.281895226747507,0.993879975153,-0.101239997469,-0.043919998902,-0.158839996029,-0.875639978109,-0.456119988597,2023-03-14 20:20:26.378190080
9,1678825227.36088,44999.6808722222,1678825227.36088,44999.6808722222,20696,1.35822722913205e+19,1,512,10,732140461,0,REALTIME,45,0,160,0,0,0,EN,EN,732140460.999995,YES,40147904,25,85,17,19,21.60000027,18.8149996237,19.1099996178,18.7149996257,12.300000615,16.1799996763999,17.800000712,12.63900050556,4.98800019952,3.32300013292,3.90600015624,3.96950015878,0.2075000083,0.6350000254,0.02450000098,0.02450000098,5.0225002009,16.02950064118,22.23850088954,20.3975008159,2.10350008414,0.07350000294,1.41600005664,OFF,732140461.199995,4582.53285087334,-1391.73297041334,4601.23732993812,-0.78062348,6.84651744,2.840006475,-829.83875850806,4715.09422424527,4602.95198985238,-6.0835592,-3.864652275,2.853736795,YES,732140460,4583.46129082692,-1399.95643000217,4597.8057701097,-0.7747984,6.84402023,2.846866575,21.6114281391999,22.4657138364,11,YES,YES,NO,NO,YES,YES,FINE_REF_POINT,NO,ATTITUDE_INVALID,35.0009976666,NOT_ACTIVE,NO,YES,-0.166468096670638,-0.536804689263906,0.630285335394293,0.53560195528796,-0.000406545,-0.001009145,-0.00126666,YES,YES,YES,1008,0,0.0025000001,4,6,16,AUTO,AUTO,AUTO,-0.299735374511718,0.438180268066406,0.764678072265625,0.365272779785156,-0.0010699999572,-0.0012224999511,0.0007799999687999,208,148,TRACK,OK,35,35,1,1,1,1,1,1,1,1,0,1,1,1,0,1,1,1,1,1,1,1,1,1,1,1,1,0,0,0,0,0,0,0,-0.905639977359,0.4239999894,0.000519999987,-0.471079988223,-0.471039988224,-0.745799981355,-0.855359978616,0.337439991564,0.393039990174,0.0009445389716638,0.0005977299820681,0.852625351421238,0.522521483324355,-1020.5700510285,649.3940324697,627.40003137,-0.0670360600192244,0.0658901444633402,-0.281895226747507,0.993879975153,-0.101239997469,-0.043919998902,-0.158839996029,-0.875639978109,-0.456119988597,2023-03-14 20:20:27.360879872
10,1678825228.44185,44999.6808847338,1678825228.44185,44999.6808847338,20697,1.35822722913205e+19,1,512,11,732140462,0,REALTIME,45,0,160,0,0,0,EN,EN,732140461.999995,YES,40147909,25,85,17,19,21.60000027,18.8149996237,19.1099996178,18.7149996257,12.320000616,16.1799996763999,17.74050070962,12.69950050798,4.98800019952,3.32050013282,3.90600015624,3.96950015878,0.2075000083,0.6350000254,0.02450000098,0.02450000098,5.0225002009,16.0100006404,22.23850088954,20.37700081508,2.2350000894,0.2075000083,1.54300006172,OFF,732140462.199995,4581.7496309125,-1384.88547075572,4604.07420979627,-0.78582252,6.84850944,2.83373788,-835.921738203911,4711.22638443866,4605.80258970985,-6.08242826,-3.871052235,2.84746586,YES,732140461,4582.68381086579,-1393.11137034442,4600.64936996751,-0.779947215,6.8460497,2.840655925,21.6114281391999,22.4657138364,12,YES,YES,NO,NO,YES,YES,FINE_REF_POINT,NO,ATTITUDE_INVALID,35.0009976666,NOT_ACTIVE,NO,YES,-0.165924614681507,-0.537321332753573,0.629936614401267,0.535662794286743,-0.00042043,-0.000937475,-0.001186455,YES,YES,YES,1008,0,0.0025000001,4,6,15,AUTO,AUTO,AUTO,-0.299479457519531,0.437519111328125,0.765091488769531,0.365409490722656,-0.0010724999571,-0.0012574999496999,-0.0001424999942999,212,148,TRACK,OK,37,37,1,1,1,1,1,1,1,1,0,1,1,1,0,1,1,1,1,1,1,1,1,1,1,1,1,0,0,0,0,0,0,0,-0.906159977346,0.422919989427,0.000479999988,-0.471279988218,-0.471319988217,-0.745479981363,-0.855359978616,0.336239991594,0.394079990148,0.0009445609716631,0.0005976959820691,0.852644402420667,0.522490395325287,-1025.0860512543,644.660032233,629.7080314854,-0.0664631022412823,0.0664631022412823,-0.280176353413681,0.993879975153,-0.101239997469,-0.043919998902,-0.15879999603,-0.87559997811,-0.456159988596,2023-03-14 20:20:28.441849856
11,1678825229.41995,44999.6808960532,1678825229.41995,44999.6808960532,20698,1.35822722913205e+19,1,512,12,732140463,0,REALTIME,45,0,160,0,0,0,EN,EN,732140462.999995,YES,40147914,25,85,17,19,21.60000027,18.8149996237,19.1099996178,18.7149996257,12.300000615,16.1799996763999,17.76050071042,12.61850050474,4.98550019942,3.32050013282,3.90600015624,3.9650001586,0.2075000083,0.61650002466,0.02450000098,0.02450000098,5.0225002009,15.20950060838,22.25900089036,20.37700081508,1.925000077,0.11600000464,1.41850005674,OFF,732140463.199995,4580.96121095192,-1378.03595109819,4606.90480965474,-0.79102019,6.85049293,2.827465435,-842.003597899817,4707.35212463238,4608.64690956764,-6.081289065,-3.87744693,2.84119106,YES,732140462,4581.9017309049,-1386.26441068677,4603.48692982564,-0.785157305,6.84807396,2.834361005,21.6114281391999,22.4657138364,13,YES,YES,NO,NO,YES,YES,FINE_REF_POINT,NO,ATTITUDE_INVALID,35.0009976666,NOT_ACTIVE,NO,YES,-0.165406304191873,-0.537876670242466,0.629564615408707,0.535703087285938,-0.000485585,-0.00100486,-0.001232375,YES,YES,YES,1008,0,0.0025000001,4,6,15,AUTO,AUTO,AUTO,-0.299240879882812,0.436826533203125,0.765504,0.365569557617187,-0.0011624999534999,-0.0013174999473,7.49999969999999e-05,212,148,TRACK,OK,39,39,1,1,1,1,1,1,1,1,0,1,1,1,0,1,1,1,1,1,1,1,1,1,1,1,1,0,0,0,0,0,0,0,-0.906679977333,0.421839989454,0.000519999987,-0.471519988212,-0.471479988213,-0.745239981369,-0.855319978617,0.335039991624,0.395159990121,0.0009445819716625,0.0005976619820701,0.852663452420095,0.52245930732622,-1026.3740513187,643.2280321614,633.2240316612,-0.0681819755751086,0.0624523977956877,-0.276165648968087,0.993879975153,-0.101239997469,-0.043919998902,-0.15879999603,-0.87559997811,-0.456159988596,2023-03-14 20:20:29.419950080
12,1678825230.72858,44999.6809112037,1678825230.72858,44999.6809112037,20699,1.35822722913205e+19,1,512,13,732140464,0,REALTIME,45,0,160,0,0,0,EN,EN,732140463.999995,YES,40147919,25,85,17,19,21.60000027,18.8149996237,19.1099996178,18.7149996257,12.2620006131,16.1799996763999,17.76050071042,12.67950050718,4.98800019952,3.32300013292,3.90600015624,3.96950015878,0.21950000878,0.6350000254,0.02450000098,0.02450000098,5.0225002009,15.20950060838,22.27950089118,20.3975008159,1.89700007588,0.03050000122,1.4575000583,OFF,732140464.199995,4580.1675909916,-1371.18447144077,4609.72912951353,-0.796216495,6.85246791,2.82118915,-848.084317595782,4703.47148482641,4611.48496942574,-6.080141615,-3.883836345,2.8349124,YES,732140463,4581.11351094431,-1379.41541102922,4606.31782968409,-0.790378005,6.85001882,2.828118985,21.6114281391999,22.4657138364,12,YES,YES,NO,NO,YES,YES,FINE_REF_POINT,NO,ATTITUDE_INVALID,35.0009976666,NOT_ACTIVE,NO,YES,-0.164877719702445,-0.538419927231601,0.629178838916422,0.535773523784529,-0.00047563,-0.000994385,-0.001292635,YES,YES,YES,1008,0,0.0025000001,4,6,15,AUTO,AUTO,AUTO,-0.299000662597656,0.436139080078124,0.765908294921875,0.365740058105468,-0.0011299999548,-0.0012799999488,-0.0003674999853,192,148,TRACK,OK,39,39,1,1,1,1,1,1,1,1,0,1,1,1,0,1,1,1,1,1,1,1,1,1,1,1,1,0,0,0,0,0,0,0,-0.90719997732,0.420719989482,0.000519999987,-0.471719988207,-0.471679988208,-0.744999981375,-0.855359978616,0.333759991656,0.396199990095,0.0009446039716618,0.0005976269820711,0.852682500419524,0.522428218327152,-1025.2840512642,638.6540319327,628.3180314159,-0.0630253555736298,0.0647442289074561,-0.28246818452545,0.993879975153,-0.101239997469,-0.043919998902,-0.158759996031,-0.87559997811,-0.456159988596,2023-03-14 20:20:30.728580096
13,1678825231.71025,44999.6809225694,1678825231.71025,44999.6809225694,20700,1.35822722913205e+19,1,512,14,732140465,0,REALTIME,45,0,160,0,0,0,EN,EN,732140464.999995,YES,40147924,25,85,17,19,21.60000027,18.8149996237,19.1099996178,18.7149996257,12.320000616,16.1799996763999,17.72100070884,12.71950050878,4.98800019952,3.32300013292,3.90600015624,3.96950015878,0.21350000854,0.6225000249,0.02450000098,0.02450000098,5.0225002009,15.77550063102,22.25900089036,20.37700081508,1.93450007738,0.15850000634,1.450000058,OFF,732140465.199995,4579.36877103155,-1364.33103178344,4612.54718937262,-0.80141142,6.854434375,2.814909035,-854.163897291803,4699.58446502076,4614.31672928415,-6.078985905,-3.89022047,2.82862989,YES,732140464,4580.32063098395,-1372.56443137177,4609.14268954285,-0.795518455,6.851984155,2.82180153,21.6114281391999,22.4657138364,12,YES,YES,NO,NO,YES,YES,FINE_REF_POINT,NO,ATTITUDE_INVALID,35.0009976666,NOT_ACTIVE,NO,YES,-0.164327177213456,-0.538955126720897,0.628808675923826,0.535839116783217,-0.000384685,-0.0010685,-0.00127526,YES,YES,YES,1008,0,0.0025000001,4,6,16,AUTO,AUTO,AUTO,-0.298720138671874,0.435475758300781,0.766338389648437,0.365858736816406,-0.0011249999549999,-0.0012699999492,-0.0001149999953999,196,148,TRACK,OK,33,33,1,1,1,1,1,1,1,1,0,1,1,1,0,1,1,1,1,1,1,1,1,1,1,1,1,0,0,0,0,0,0,0,-0.907719977307,0.419559989511,0.000519999987,-0.471919988202,-0.471919988202,-0.744679981383,-0.855359978616,0.332519991687,0.397279990068,0.0009446259716612,0.0005975929820722,0.852701548418952,0.522397128328085,-1023.8760511938,642.8820321441,630.880031544,-0.0624523977956877,0.0590146511280352,-0.283041142303392,0.993879975153,-0.101239997469,-0.043919998902,-0.158759996031,-0.87559997811,-0.456199988595,2023-03-14 20:20:31.710249984
14,1678825232.68964,44999.6809339005,1678825232.68964,44999.6809339005,20701,1.35822722913205e+19,1,512,15,732140466,0,REALTIME,45,0,160,0,0,0,EN,EN,732140465.999995,YES,40147929,25,85,17,19,21.60000027,18.8149996237,19.1099996178,18.7149996257,12.320000616,16.1799996763999,17.83950071358,12.67950050718,4.98800019952,3.32300013292,3.90600015624,3.96950015878,0.2075000083,0.61650002466,0.02450000098,0.02450000098,5.0225002009,15.93150063726,22.27950089118,20.3975008159,1.8875000755,0.1650000066,1.43800005752,OFF,732140466.199995,4578.56477107174,-1357.47561212621,4615.35894923204,-0.806604965,6.856392325,2.808625095,-860.242296987882,4695.69104521543,4617.14222914287,-6.077821945,-3.896599305,2.82234354,YES,732140465,4579.52267102385,-1365.71155171441,4611.96128940192,-0.800682855,6.85396613,2.815531115,21.6114281391999,22.4657138364,12,YES,YES,NO,NO,YES,YES,FINE_REF_POINT,NO,ATTITUDE_INVALID,35.0009976666,NOT_ACTIVE,NO,YES,-0.163786613224267,-0.539457012710859,0.628463622930727,0.535904386281912,-0.00044618,-0.00106656,-0.00121657,YES,YES,YES,1008,0,0.0025000001,4,7,16,AUTO,AUTO,AUTO,-0.298440511718749,0.434838348632812,0.766773615234374,0.365933182617187,-0.0011124999555,-0.0011699999532,-0.0001024999959,192,144,TRACK,OK,39,39,1,1,1,1,1,1,1,1,0,1,1,1,0,1,1,1,1,1,1,1,1,1,1,1,1,0,0,0,0,0,0,0,-0.908239977294,0.418479989538,0.000439999989,-0.472119988197,-0.472199988195,-0.74439998139,-0.855319978617,0.331319991717,0.398279990043,0.0009446479716605,0.0005975579820732,0.852720594418381,0.522366038329018,-1025.300051265,642.0620321031,638.4340319217,-0.0670360600192244,0.0624523977956877,-0.281322268969565,0.993879975153,-0.101239997469,-0.043919998902,-0.158759996031,-0.87559997811,-0.456199988595,2023-03-14 20:20:32.689639936
15,1678825233.67044,44999.6809452546,1678825233.67044,44999.6809452546,20702,1.35822722913205e+19,1,512,16,732140467,0,REALTIME,45,0,160,0,0,0,EN,EN,732140466.999995,YES,40147934,25,85,17,19,21.60000027,18.8149996237,19.1099996178,18.7149996257,12.300000615,16.1799996763999,17.76050071042,12.63900050556,4.98800019952,3.32050013282,3.90600015624,3.96950015878,0.2075000083,0.62850002514,0.02450000098,0.02450000098,5.0225002009,15.34600061384,22.27950089118,20.3975008159,1.98150007926,0.18900000756,1.4575000583,OFF,732140467.199995,4577.74791111259,-1350.62813246859,4618.13996909298,-0.812142085,6.858229175,2.80175273,-866.307296684633,4691.78894541054,4619.93692900314,-6.07639387,-3.90322811,2.81546818,YES,732140466,4578.71875106405,-1358.85657205716,4614.77334926132,-0.80591128,6.855888755,2.80929757,21.6114281391999,22.4657138364,11,YES,YES,NO,NO,YES,YES,FINE_REF_POINT,NO,ATTITUDE_INVALID,35.0009976666,NOT_ACTIVE,NO,YES,-0.163264779234704,-0.540006548199868,0.628093152438136,0.53594448528111,-0.00057936,-0.001043375,-0.001127825,YES,YES,YES,1008,0,0.0025000001,4,7,16,AUTO,AUTO,AUTO,-0.298204516113281,0.434145072265625,0.767180821777343,0.366095219238281,-0.0011474999541,-0.0013049999478,-0.0005624999774999,196,148,TRACK,OK,42,42,1,1,1,1,1,1,1,1,0,1,1,1,0,1,1,1,1,1,1,1,1,1,1,1,1,0,0,0,0,0,0,0,-0.908719977282,0.417399989565,0.000479999988,-0.472359988191,-0.472359988191,-0.744119981397,-0.855319978617,0.330119991747,0.399359990016,0.0009446699716599,0.0005975239820742,0.85273963941781,0.522334948329951,-1025.8280512914,640.820032041,638.5100319255,-0.0699008489089349,0.0618794400177456,-0.272154944522492,0.993879975153,-0.101239997469,-0.043919998902,-0.158719996032,-0.87559997811,-0.456199988595,2023-03-14 20:20:33.670439936
16,1678825235.51604,44999.6809666204,1678825235.51604,44999.6809666204,20703,1.35822722913205e+19,1,512,17,732140468,0,REALTIME,46,0,160,0,0,0,EN,EN,732140467.999995,YES,40147939,25,85,17,19,21.60000027,18.8149996237,19.1099996178,18.7149996257,12.300000615,16.1999996759999,17.76050071042,12.63900050556,4.98800019952,3.32300013292,3.90600015624,3.96950015878,0.21350000854,0.6350000254,0.02450000098,0.02450000098,5.0225002009,15.01400060056,22.30050089202,20.37700081508,1.95300007812,0.21350000854,1.41350005654,OFF,732140468.199995,4576.93319115332,-1343.76893281155,4620.93856895306,-0.81733291,6.86017016,2.79546115,-872.383096380843,4687.88252560586,4622.74926886252,-6.075213415,-3.90959638,2.80917415,YES,732140467,4577.91013110448,-1351.99969240001,4617.57932912102,-0.811138355,6.857876485,2.80295763,21.6114281391999,22.4657138364,11,YES,YES,NO,NO,YES,YES,FINE_REF_POINT,NO,ATTITUDE_INVALID,35.0009976666,NOT_ACTIVE,NO,YES,-0.162722925745541,-0.540587761188244,0.627686436946271,0.535999830780003,-0.00056806,-0.001154245,-0.001290495,YES,YES,YES,1008,0,0.0025000001,4,6,16,AUTO,AUTO,AUTO,-0.297939994140625,0.433437565917968,0.767609083007812,0.366251186523437,-0.0011874999525,-0.0013849999445999,-0.0005724999770999,200,144,TRACK,OK,40,40,1,1,1,1,1,1,1,1,0,1,1,1,0,1,1,1,1,1,1,1,1,1,1,1,1,0,0,0,0,0,0,0,-0.909239977269,0.416239989594,0.000559999986,-0.472599988185,-0.472559988186,-0.743879981403,-0.855279978618,0.32879999178,0.400479989988,0.0009446909716592,0.0005974889820753,0.852758683417238,0.522303856330883,-1030.1780515089,636.9520318476,634.2680317134,-0.0716197222427611,0.0550039466824405,-0.281322268969565,0.993879975153,-0.101239997469,-0.043919998902,-0.158719996032,-0.87559997811,-0.456199988595,2023-03-14 20:20:35.516040192
17,1678825235.61776,44999.6809677894,1678825235.61776,44999.6809677894,20704,1.35822722913205e+19,1,512,18,732140469,0,REALTIME,46,0,160,0,0,0,EN,EN,732140468.999995,YES,40147944,25,85,17,19,21.60000027,18.8149996237,19.1099996178,18.7149996257,12.300000615,16.1999996759999,17.76050071042,12.69950050798,4.98800019952,3.32300013292,3.90600015624,3.96950015878,0.25000001,0.57350002294,0.02450000098,0.02450000098,5.0225002009,15.05300060212,22.30050089202,20.3975008159,2.05650008226,0.1525000061,1.40150005606,OFF,732140469.199995,4576.11325119432,-1336.9077931546,4623.73088881344,-0.82252234,6.86210262,2.789165775,-878.457716077112,4683.96976580149,4625.55528872222,-6.074024715,-3.915959335,2.802876305,YES,732140468,4577.09633114517,-1345.14087274295,4620.37898898103,-0.816283875,6.85978968,2.796647205,21.6114281391999,22.4657138364,11,YES,YES,NO,NO,YES,YES,FINE_REF_POINT,NO,ATTITUDE_INVALID,35.0009976666,NOT_ACTIVE,NO,YES,-0.162163618756727,-0.541142116177157,0.627286236954275,0.53607845327843,-0.00049962,-0.001112905,-0.001221985,YES,YES,YES,1008,0,0.0025000001,4,6,16,AUTO,AUTO,AUTO,-0.297640528808593,0.432743632324218,0.768064094726562,0.366361312011718,-0.0011999999519999,-0.0012599999496,-0.0001549999938,216,144,TRACK,OK,34,35,1,1,1,1,1,1,1,1,0,1,1,1,0,1,1,1,1,1,1,1,1,1,1,1,1,0,0,0,0,0,0,0,-0.909799977255,0.415039989624,0.000599999985,-0.472759988181,-0.47279998818,-0.74359998141,-0.855319978617,0.327479991813,0.401519989962,0.0009447129716586,0.0005974549820763,0.852777726416667,0.522272764331816,-1022.2300511115,635.760031788,633.9580316979,-0.071046764464819,0.0584416933500931,-0.277884522301913,0.993879975153,-0.101239997469,-0.043919998902,-0.158679996033,-0.87559997811,-0.456239988594,2023-03-14 20:20:35.617760000
18,1678825236.49185,44999.6809779051,1678825236.49185,44999.6809779051,20705,1.35822722913205e+19,1,512,19,732140470,0,REALTIME,46,0,160,0,0,0,EN,EN,732140469.999995,YES,40147949,25,85,17,19,21.60000027,18.8149996237,19.1099996178,18.7149996257,12.320000616,16.1999996759999,17.7800007112,12.67950050718,4.98800019952,3.32300013292,3.90600015624,3.96950015878,0.2075000083,0.61650002466,0.02450000098,0.02450000098,5.0225002009,15.61950062478,22.30050089202,20.37700081508,2.01900008076,0.29300001172,1.5600000624,OFF,732140470.199995,4575.28813123558,-1330.04473349776,4626.51690867414,-0.82771036,6.864026555,2.78286661,-884.531135773441,4680.05062599745,4628.35500858223,-6.07282777,-3.92231696,2.796574655,YES,732140469,4576.27735118612,-1338.28015308598,4623.17236884136,-0.82154541,6.86172173,2.790325925,21.6114281391999,22.4657138364,11,YES,YES,NO,NO,YES,YES,FINE_REF_POINT,NO,ATTITUDE_INVALID,35.0009976666,NOT_ACTIVE,NO,YES,-0.161624361267512,-0.541680528166389,0.626919908961601,0.536126066277478,-0.000568405,-0.001133945,-0.0011346,YES,YES,YES,1008,0,0.0025000001,4,6,17,AUTO,AUTO,AUTO,-0.297416066894531,0.432041487304687,0.768462516113281,0.36653676171875,-0.0011599999535999,-0.0011924999523,-0.0003699999851999,216,148,TRACK,OK,42,42,1,1,1,1,1,1,1,1,0,1,1,1,0,1,1,1,1,1,1,1,1,1,1,1,1,0,0,0,0,0,0,0,-0.910319977242,0.413959989651,0.000599999985,-0.472999988175,-0.472999988175,-0.743319981417,-0.855279978618,0.326239991844,0.402599989935,0.0009447349716579,0.0005974199820774,0.852796768416096,0.522241671332749,-1028.220051411,637.4760318738,635.4160317708,-0.071046764464819,0.0590146511280352,-0.276165648968087,0.993879975153,-0.101239997469,-0.043919998902,-0.158679996033,-0.87559997811,-0.456239988594,2023-03-14 20:20:36.491849984
19,1678825237.47163,44999.6809892477,1678825237.47163,44999.6809892477,20706,1.35822722913205e+19,1,512,20,732140471,0,REALTIME,46,0,160,0,0,0,EN,EN,732140470.999995,YES,40147954,25,85,17,19,21.60000027,18.8149996237,19.0899996182,18.7149996257,12.300000615,16.1999996759999,17.74050070962,12.69950050798,4.98800019952,3.32300013292,3.90600015624,3.96950015878,0.20150000806,0.61650002466,0.02450000098,0.02450000098,5.0225002009,16.2050006482,22.34200089368,20.4175008167,2.00000008,0.1650000066,1.4575000583,OFF,732140471.199995,4574.45783127709,-1323.179753841,4629.29662853515,-0.832896975,6.865941955,2.776563665,-890.603355469829,4676.12512619373,4631.14842844256,-6.071622575,-3.92866925,2.790269205,YES,732140470,4575.45315122733,-1331.41743342912,4625.95944870201,-0.82670983,6.86363917,2.784062895,21.6114281391999,22.4657138364,11,YES,YES,NO,NO,YES,YES,FINE_REF_POINT,NO,ATTITUDE_INVALID,35.0009976666,NOT_ACTIVE,NO,YES,-0.161095420278091,-0.542209900655801,0.626545869469082,0.536187395276251,-0.000451395,-0.000995515,-0.001105965,YES,YES,YES,1008,0,0.0025000001,4,6,16,AUTO,AUTO,AUTO,-0.297121446289062,0.431399365234375,0.768897985351562,0.366618769042968,-0.0010899999564,-0.0013174999473,0.0002474999900999,216,148,TRACK,OK,37,37,1,1,1,1,1,1,1,1,0,1,1,1,0,1,1,1,1,1,1,1,1,1,1,1,1,0,0,0,0,0,0,0,-0.91079997723,0.412839989679,0.000599999985,-0.47319998817,-0.473239988169,-0.743039981424,-0.855239978619,0.324999991875,0.403639989909,0.0009447569716572,0.0005973859820784,0.852815808415525,0.522210577333682,-1027.3040513652,636.9320318466,634.5500317275,-0.071046764464819,0.0624523977956877,-0.273873817856318,0.993879975153,-0.101239997469,-0.043919998902,-0.158639996034,-0.87559997811,-0.456239988594,2023-03-14 20:20:37.471630080
20,1678825238.45208,44999.6810006018,1678825238.45208,44999.6810006018,20707,1.35822722913205e+19,1,512,21,732140472,0,REALTIME,46,0,160,0,0,0,EN,EN,732140471.999995,YES,40147959,25,85,17,19,21.60000027,18.8149996237,19.1099996178,18.7149996257,12.300000615,16.1999996759999,17.74050070962,12.71950050878,4.98800019952,3.32300013292,3.90600015624,3.96950015878,0.21350000854,0.62850002514,0.02450000098,0.02450000098,5.0225002009,15.75600063024,22.34200089368,20.4175008167,1.98150007926,0.19550000782,1.51600006064,OFF,732140472.199995,4573.62235131887,-1316.31285418435,4632.07002839648,-0.838082175,6.86784882,2.770256945,-896.674375166279,4672.19328639032,4633.93554830321,-6.07040914,-3.935016195,2.78395996,YES,732140471,4574.62385126879,-1324.55281377235,4628.74026856297,-0.831905875,6.86559531,2.77774815,21.6114281391999,22.4657138364,12,YES,YES,NO,NO,YES,YES,FINE_REF_POINT,NO,ATTITUDE_INVALID,35.0009976666,NOT_ACTIVE,NO,YES,-0.160568161288636,-0.542727660145446,0.626185309476293,0.536242921275141,-0.000487045,-0.001039135,-0.001160175,YES,YES,YES,1008,0,0.0025000001,4,7,16,AUTO,AUTO,AUTO,-0.296880081542968,0.430733153808593,0.769296445800781,0.366761702148437,-0.0010799999568,-0.0012424999503,-5.99999975999999e-05,216,148,TRACK,OK,40,40,1,1,1,1,1,1,1,1,0,1,1,1,0,1,1,1,1,1,1,1,1,1,1,1,1,0,0,0,0,0,0,0,-0.911319977217,0.411759989706,0.000559999986,-0.473399988165,-0.473479988163,-0.742759981431,-0.855239978619,0.323799991905,0.404639989884,0.0009447779716566,0.0005973519820794,0.852834848414953,0.522179482334615,-1023.3820511691,632.140031607,639.1620319581,-0.0699008489089349,0.0613064822398035,-0.276165648968087,0.993879975153,-0.101239997469,-0.043919998902,-0.158639996034,-0.87559997811,-0.456279988593,2023-03-14 20:20:38.452080128
21,1678825239.42392,44999.6810118403,1678825239.42392,44999.6810118403,20708,1.35822722913205e+19,1,512,22,732140473,0,REALTIME,46,0,160,0,0,0,EN,EN,732140472.999995,YES,40147964,25,85,17,19,21.60000027,18.8149996237,19.1099996178,18.7149996257,12.280000614,16.1999996759999,17.74050070962,12.61850050474,4.98800019952,3.32300013292,3.90600015624,3.96950015878,0.21950000878,0.64100002564,0.02450000098,0.02450000098,5.0225002009,15.05300060212,22.34200089368,20.3975008159,2.02800008112,0.12200000488,1.51850006074,OFF,732140473.199995,4572.7816713609,-1309.44405452779,4634.83712825813,-0.84326595,6.86974715,2.763946465,-902.744174862788,4668.25510658723,4636.71634816417,-6.069187465,-3.94135779,2.777646935,YES,732140472,4573.78955131051,-1317.68633411568,4631.51482842424,-0.83711034,6.86748504,2.771474115,21.6114281391999,22.4657138364,12,YES,YES,NO,NO,YES,YES,FINE_REF_POINT,NO,ATTITUDE_INVALID,35.0009976666,NOT_ACTIVE,NO,YES,-0.160047032799059,-0.543259027634819,0.625829150483416,0.536276431774471,-0.00044672,-0.001140045,-0.00117968,YES,YES,YES,1008,0,0.0025000001,4,6,16,AUTO,AUTO,AUTO,-0.296646170410156,0.430067174804687,0.769703849121093,0.366877717285156,-0.0011374999545,-0.0011924999523,-0.0003324999866999,212,148,TRACK,OK,34,34,1,1,1,1,1,1,1,1,0,1,1,1,0,1,1,1,1,1,1,1,1,1,1,1,1,0,0,0,0,0,0,0,-0.911759977206,0.410679989733,0.000559999986,-0.473679988158,-0.473639988159,-0.742479981438,-0.85519997862,0.322599991935,0.405679989858,0.000944799971656,0.0005973169820804,0.852853886414382,0.522148387335547,-1028.6700514335,629.9760314988,638.8180319409,-0.0681819755751086,0.0561498622383247,-0.275592691190144,0.993879975153,-0.101239997469,-0.043919998902,-0.158639996034,-0.87559997811,-0.456279988593,2023-03-14 20:20:39.423919872
22,1678825240.40894,44999.6810232407,1678825240.40894,44999.6810232407,20709,1.35822722913205e+19,1,512,23,732140474,0,REALTIME,46,0,160,0,0,0,EN,EN,732140473.999995,YES,40147969,25,85,17,19,21.60000027,18.8149996237,19.0899996182,18.7149996257,12.300000615,16.1999996759999,17.7800007112,12.67950050718,4.98800019952,3.32300013292,3.90600015624,3.96950015878,0.2075000083,0.64700002588,0.02450000098,0.02450000098,5.0225002009,15.3850006154,22.34200089368,20.3975008159,2.00950008038,0.29300001172,1.48700005948,OFF,732140474.199995,4571.93581140319,-1302.57337487132,4637.59792812009,-0.848448305,6.871636945,2.75763223,-908.81275455936,4664.31056678445,4639.49082802544,-6.067957545,-3.947694015,2.77133014,YES,732140473,4572.94989135249,-1310.8179344591,4634.28300828583,-0.842244525,6.869401585,2.76519345,21.6114281391999,22.4657138364,12,YES,YES,NO,NO,YES,YES,FINE_REF_POINT,NO,ATTITUDE_INVALID,35.0009976666,NOT_ACTIVE,NO,YES,-0.159525436809491,-0.543786349624272,0.625462901990741,0.536324676773506,-0.00047155,-0.00103476,-0.00124393,YES,YES,YES,1008,0,0.0025000001,4,7,17,AUTO,AUTO,AUTO,-0.296415564453125,0.429377834960937,0.770097598144531,0.367045197753906,-0.0010724999571,-0.0012174999512999,-0.0003949999841999,216,148,TRACK,OK,35,35,1,1,1,1,1,1,1,1,0,1,1,1,0,1,1,1,1,1,1,1,1,1,1,1,1,0,0,0,0,0,0,0,-0.912279977193,0.40959998976,0.000559999986,-0.473879988153,-0.473839988154,-0.742239981444,-0.855159978621,0.321399991965,0.406719989832,0.0009448219716553,0.0005972829820815,0.852872924413811,0.52211729133648,-1029.5880514794,636.4740318237,639.6280319814,-0.0664631022412823,0.0601605666839193,-0.277884522301913,0.993879975153,-0.101239997469,-0.043919998902,-0.158599996035,-0.87559997811,-0.456279988593,2023-03-14 20:20:40.408940032
23,1678825241.39133,44999.6810346181,1678825241.39133,44999.6810346181,20710,1.35822722913205e+19,1,512,24,732140475,0,REALTIME,46,0,160,0,0,0,EN,EN,732140474.999995,YES,40147974,25,85,17,19,21.60000027,18.8149996237,19.1099996178,18.7149996257,12.300000615,16.1999996759999,17.76050071042,12.69950050798,4.98800019952,3.32300013292,3.90600015624,3.96950015878,0.2075000083,0.61650002466,0.02450000098,0.02450000098,5.0225002009,16.04900064196,22.34200089368,20.3975008159,2.0375000815,0.24400000976,1.4575000583,OFF,732140475.199995,4571.08477144574,-1295.70079521495,4640.35238798236,-0.853629225,6.87351819,2.751314245,-914.880094255993,4660.359706982,4642.25900788703,-6.06671939,-3.954024875,2.76500958,YES,732140474,4572.10547139471,-1303.94765480261,4637.04506814773,-0.84739428,6.87127414,2.75887258,21.6114281391999,22.4657138364,13,YES,YES,NO,NO,YES,YES,FINE_REF_POINT,NO,ATTITUDE_INVALID,35.0009976666,NOT_ACTIVE,NO,YES,-0.158979843320403,-0.544312718113745,0.625085265998294,0.536392994772139,-0.00046715,-0.001059425,-0.00126272,YES,YES,YES,1008,0,0.0025000001,4,6,15,AUTO,AUTO,AUTO,-0.296154264648437,0.428693150390625,0.770509045410156,0.367192927246093,-0.0011649999534,-0.0012549999497999,-0.0005549999778,216,148,TRACK,OK,39,39,1,1,1,1,1,1,1,1,0,1,1,1,0,1,1,1,1,1,1,1,1,1,1,1,1,0,0,0,0,0,0,0,-0.912759977181,0.408439989789,0.000559999986,-0.474079988148,-0.474119988147,-0.741959981451,-0.855119978622,0.320119991997,0.407759989806,0.0009448439716546,0.0005972479820825,0.85289196041324,0.522086195337413,-1029.4660514733,626.1260313063,636.3740318187,-0.0630253555736298,0.0630253555736298,-0.278457480079855,0.993879975153,-0.101239997469,-0.043919998902,-0.158599996035,-0.87559997811,-0.456279988593,2023-03-14 20:20:41.391330048
24,1678825242.36038,44999.6810458333,1678825242.36038,44999.6810458333,20711,1.35822722913205e+19,1,512,25,732140476,0,REALTIME,46,0,160,0,0,0,EN,EN,732140475.999995,YES,40147979,25,85,17,19,21.60000027,18.8149996237,19.0899996182,18.7149996257,12.320000616,16.1999996759999,17.72100070884,12.69950050798,4.98800019952,3.32300013292,3.90600015624,3.9650001586,0.2075000083,0.6225000249,0.02450000098,0.02450000098,5.0225002009,16.12700064508,22.3625008945,20.4375008175,2.10350008414,0.23200000928,1.47700005908,OFF,732140476.199995,4570.22855148856,-1288.82633555867,4643.10054784496,-0.858808705,6.8753909,2.744992525,-920.946193952688,4656.40252717986,4645.02084774894,-6.065473,-3.960350355,2.75868526,YES,732140475,4571.25599143718,-1297.07529514623,4639.80094800994,-0.852595655,6.873184505,2.752519205,21.6114281391999,22.4657138364,13,YES,YES,NO,NO,YES,YES,FINE_REF_POINT,NO,ATTITUDE_INVALID,35.0009976666,NOT_ACTIVE,NO,YES,-0.158463015330739,-0.544862224102755,0.624715367005692,0.53641895927162,-0.00055257,-0.00114662,-0.00101615,YES,YES,YES,1008,0,0.0025000001,4,6,17,AUTO,AUTO,AUTO,-0.295925150390625,0.428008708496093,0.770903733398437,0.367347634277343,-0.0011449999541999,-0.0012299999508,-0.0004349999826,212,148,TRACK,OK,39,39,1,1,1,1,1,1,1,1,0,1,1,1,0,1,1,1,1,1,1,1,1,1,1,1,1,0,0,0,0,0,0,0,-0.913239977169,0.407399989815,0.000599999985,-0.474319988142,-0.474279988143,-0.741679981458,-0.855079978623,0.318919992027,0.408839989779,0.000944865971654,0.0005972139820835,0.852910995412669,0.522055097338346,-1027.5300513765,628.8500314425,637.2340318617,-0.0670360600192244,0.0544309889044984,-0.269863113410724,0.993879975153,-0.101239997469,-0.043919998902,-0.158559996036,-0.875559978111,-0.456319988592,2023-03-14 20:20:42.360379904
25,1678825243.34037,44999.6810571759,1678825243.34037,44999.6810571759,20712,1.35822722913205e+19,1,512,26,732140477,0,REALTIME,46,0,160,0,0,0,EN,EN,732140476.999995,YES,40147984,25,85,17,19,21.60000027,18.8149996237,19.0899996182,18.7149996257,12.300000615,16.1999996759999,17.76050071042,12.65900050636,4.98800019952,3.32050013282,3.90600015624,3.96950015878,0.20150000806,0.6350000254,0.02450000098,0.02450000098,5.0225002009,15.24850060994,22.3625008945,20.45800081832,2.28200009128,0.14650000586,1.49900005996,OFF,732140477.199995,4569.36715153163,-1281.95001590249,4645.84238770786,-0.86398674,6.877255055,2.73866708,-927.011033649446,4652.43900737803,4647.77636761117,-6.064218375,-3.966670445,2.752357195,YES,732140476,4570.39971148,-1290.20131548993,4642.5496878725,-0.85779593,6.87504673,2.74619078,21.6114281391999,22.4657138364,12,YES,YES,NO,NO,YES,YES,FINE_REF_POINT,NO,ATTITUDE_INVALID,35.0009976666,NOT_ACTIVE,NO,YES,-0.157960138840797,-0.545403054591938,0.624325335513493,0.536471749770564,-0.000448045,-0.001009815,-0.001171205,YES,YES,YES,1008,0,0.0025000001,4,6,16,AUTO,AUTO,AUTO,-0.295651209960937,0.427365182128906,0.771327614257812,0.367427645996093,-0.0010599999576,-0.0012324999507,6.49999974e-05,212,148,TRACK,OK,37,37,1,1,1,1,1,1,1,1,0,1,1,1,0,1,1,1,1,1,1,1,1,1,1,1,1,0,0,0,0,0,0,0,-0.913759977156,0.406279989843,0.000559999986,-0.474519988137,-0.474439988139,-0.741439981464,-0.855039978624,0.317679992058,0.409879989753,0.0009448869716533,0.0005971789820846,0.852930029412098,0.522023999339279,-1030.1120515056,631.540031577,639.1680319584,-0.0670360600192244,0.0595876089059772,-0.277884522301913,0.993879975153,-0.101239997469,-0.043919998902,-0.158559996036,-0.875559978111,-0.456319988592,2023-03-14 20:20:43.340369920
26,1678825244.32438,44999.6810685648,1678825244.32438,44999.6810685648,20713,1.35822722913205e+19,1,512,27,732140478,0,REALTIME,46,0,160,0,0,0,EN,EN,732140477.999995,YES,40147989,25,85,17,19,21.60000027,18.8149996237,19.0899996182,18.7149996257,12.2620006131,16.1999996759999,17.7800007112,12.71950050878,4.98800019952,3.32300013292,3.90600015624,3.96950015878,0.2075000083,0.62850002514,0.02450000098,0.02450000098,5.0225002009,15.1700006068,22.38350089534,20.45800081832,2.10350008414,0.0975000039,1.47950005918,OFF,732140478.199995,4568.50059157495,-1275.0718362464,4648.57788757109,-0.86916333,6.879110665,2.73233791,-933.074613346266,4648.46918757652,4650.52556747371,-6.06295552,-3.97298514,2.74602539,YES,732140477,4569.53931152302,-1283.32537583372,4645.29260773535,-0.862915375,6.876911495,2.739919195,21.6114281391999,22.4657138364,12,YES,YES,NO,NO,YES,YES,FINE_REF_POINT,NO,ATTITUDE_INVALID,35.0009976666,NOT_ACTIVE,NO,YES,-0.157403297851933,-0.545904548081908,0.623982085520358,0.536524689769506,-0.00041795,-0.001070585,-0.001283255,YES,YES,YES,1008,0,0.0025000001,4,6,16,AUTO,AUTO,AUTO,-0.2954074296875,0.426688346191406,0.771736240722656,0.367552282714843,-0.0011424999542999,-0.0012549999497999,-0.0006199999752,212,148,TRACK,OK,35,35,1,1,1,1,1,1,1,1,0,1,1,1,0,1,1,1,1,1,1,1,1,1,1,1,1,0,0,0,0,0,0,0,-0.914239977144,0.40519998987,0.000559999986,-0.474719988132,-0.474719988132,-0.741119981472,-0.854999978625,0.316479992088,0.410879989728,0.0009449089716527,0.0005971449820856,0.852949061411527,0.521992901340212,-1021.7460510873,626.2960313148,638.5880319294,-0.0613064822398035,0.0607335244618614,-0.280749311191623,0.993879975153,-0.101239997469,-0.043919998902,-0.158519996037,-0.875559978111,-0.456319988592,2023-03-14 20:20:44.324379904
27,1678825245.62305,44999.6810835995,1678825245.62305,44999.6810835995,20714,1.35822722913205e+19,1,512,28,732140479,0,REALTIME,46,0,160,0,0,0,EN,EN,732140478.999995,YES,40147994,25,85,17,19,21.60000027,18.8149996237,19.0899996182,18.7149996257,12.300000615,16.1999996759999,17.800000712,12.82050051282,4.98800019952,3.32050013282,3.90600015624,3.96950015878,0.21350000854,0.61650002466,0.02450000098,0.02450000098,5.0225002009,15.95100063804,22.38350089534,20.45800081832,2.25350009014,0.1650000066,1.51100006044,OFF,732140479.199995,4567.62883161854,-1268.1917965904,4651.30704743463,-0.87433846,6.88095772,2.72600503,-939.136933043151,4644.49304777533,4653.26842733656,-6.06168443,-3.97929443,2.73968986,YES,732140478,4568.67331156632,-1276.44755617761,4648.02898759853,-0.86817491,6.87872768,2.733542915,21.6114281391999,22.4657138364,13,YES,YES,NO,NO,YES,YES,FINE_REF_POINT,NO,ATTITUDE_INVALID,35.0009976666,NOT_ACTIVE,NO,YES,-0.1568449568631,-0.54642849007143,0.623616577527668,0.536579806768403,-0.00035729,-0.00107915,-0.001144745,YES,YES,YES,1008,0,0.0025000001,4,5,16,AUTO,AUTO,AUTO,-0.295109905761718,0.426032652832031,0.772185781249999,0.367607728027343,-0.0011424999542999,-0.0012149999513999,0.0004674999813,220,148,TRACK,OK,33,33,1,1,1,1,1,1,1,1,0,1,1,1,0,1,1,1,1,1,1,1,1,1,1,1,1,0,0,0,0,0,0,0,-0.914719977132,0.404079989898,0.000559999986,-0.474959988126,-0.474999988125,-0.740839981479,-0.854919978627,0.315239992119,0.411919989702,0.000944930971652,0.0005971099820866,0.852968093410956,0.521961801341145,-1029.9720514986,624.0240312012,636.340031817,-0.0635983133515719,0.0607335244618614,-0.275592691190144,0.993879975153,-0.101239997469,-0.043919998902,-0.158519996037,-0.875559978111,-0.456359988591,2023-03-14 20:20:45.623049984
28,1678825246.60608,44999.6810949769,1678825246.60608,44999.6810949769,20715,1.35822722913205e+19,1,512,29,732140480,0,REALTIME,46,0,160,0,0,0,EN,EN,732140479.999995,YES,40147999,25,85,17,19,21.60000027,18.8149996237,19.0899996182,18.7149996257,12.300000615,16.1999996759999,17.800000712,12.65900050636,4.98800019952,3.32300013292,3.90600015624,3.96950015878,0.2075000083,0.61650002466,0.02450000098,0.02450000098,5.0225002009,15.73650062946,22.3625008945,20.4375008175,2.075000083,0.13450000538,1.47200005888,OFF,732140480.199995,4566.75191166239,-1261.3099169345,4654.02988729849,-0.87951213,6.88279622,2.71966845,-945.197992740097,4640.51060797445,4656.00494719974,-6.06040511,-3.985598305,2.733350605,YES,732140479,4567.80265160985,-1269.5678565216,4650.75936746201,-0.87337801,6.880626175,2.72719668,21.6114281391999,22.4657138364,13,YES,YES,NO,NO,YES,YES,FINE_REF_POINT,NO,ATTITUDE_INVALID,35.0009976666,NOT_ACTIVE,NO,YES,-0.156310222873795,-0.546967779060644,0.623251565034968,0.53661048226779,-0.00039229,-0.00103056,-0.001210015,YES,YES,YES,1008,0,0.0025000001,4,6,16,AUTO,AUTO,AUTO,-0.294869738769531,0.425345289550781,0.77259164453125,0.367743623535156,-0.0011174999553,-0.0012374999504999,4.74999980999999e-05,216,148,TRACK,OK,36,36,1,1,1,1,1,1,1,1,0,1,1,1,0,1,1,1,1,1,1,1,1,1,1,1,1,0,0,0,0,0,0,0,-0.91519997712,0.402999989925,0.000559999986,-0.47519998812,-0.47519998812,-0.740519981487,-0.854879978628,0.314039992149,0.412999989675,0.0009449529716514,0.0005970759820877,0.852987123410385,0.521930701342078,-1025.0520512526,625.4360312718,640.7700320385,-0.0647442289074561,0.0595876089059772,-0.276165648968087,0.993879975153,-0.101239997469,-0.043919998902,-0.158519996037,-0.875559978111,-0.456359988591,2023-03-14 20:20:46.606080000
29,1678825247.58908,44999.6811063542,1678825247.58908,44999.6811063542,20716,1.35822722913205e+19,1,512,30,732140481,0,REALTIME,46,0,160,0,0,0,EN,EN,732140480.999995,YES,40148004,25,85,17,19,21.60000027,18.8149996237,19.0899996182,18.7149996257,12.300000615,16.1999996759999,17.8200007128,12.67950050718,4.98800019952,3.32300013292,3.90600015624,3.96950015878,0.2075000083,0.61650002466,0.02450000098,0.02450000098,5.0225002009,15.11150060446,22.3625008945,20.4375008175,1.850000074,0.18900000756,1.53550006142,OFF,732140481.199995,4565.86981170649,-1254.42619727868,4656.74638716266,-0.884684335,6.88462616,2.71332817,-951.25775243711,4636.52184817389,4658.73512706323,-6.059117565,-3.99189676,2.727007635,YES,732140480,4566.92591165369,-1262.6859168657,4653.48242732586,-0.878727935,6.8826225,2.72065425,21.6114281391999,22.4657138364,14,YES,YES,NO,NO,YES,YES,FINE_REF_POINT,NO,ATTITUDE_INVALID,35.0009976666,NOT_ACTIVE,NO,YES,-0.155799978384,-0.547496010550079,0.622871656542566,0.536661294266773,-0.00059216,-0.001155755,-0.00115035,YES,YES,YES,1008,0,0.0025000001,4,6,17,AUTO,AUTO,AUTO,-0.294651373535156,0.424659258789062,0.772967530273437,0.367921566406249,-0.0011274999549,-0.0011874999525,-0.0002599999896,216,148,TRACK,OK,34,34,1,1,1,1,1,1,1,1,0,1,1,1,0,1,1,1,1,1,1,1,1,1,1,1,1,0,0,0,0,0,0,0,-0.915679977108,0.401879989953,0.000559999986,-0.475399988115,-0.475359988116,-0.740279981493,-0.854839978629,0.31279999218,0.414039989649,0.0009449739716507,0.0005970419820887,0.853006153409814,0.521899601343011,-1029.9180514959,624.4260312213,640.1440320072,-0.071046764464819,0.0572957777942089,-0.278457480079855,0.993879975153,-0.101239997469,-0.043919998902,-0.158479996038,-0.875559978111,-0.456359988591,2023-03-14 20:20:47.589080064
30,1678825248.5687,44999.6811176852,1678825248.5687,44999.6811176852,20717,1.35822722913205e+19,1,512,31,732140482,0,REALTIME,46,0,160,0,0,0,EN,EN,732140481.999995,YES,40148009,25,85,17,19,21.60000027,18.8149996237,19.0899996182,18.7149996257,12.340000617,16.1999996759999,17.85950071438,12.69950050798,4.98800019952,3.32300013292,3.90600015624,3.96950015878,0.21950000878,0.6350000254,0.02450000098,0.02450000098,5.0225002009,14.975000599,22.38350089534,20.4375008175,1.94350007774,0.17100000684,1.47200005888,OFF,732140482.199995,4564.98253175086,-1247.54065762296,4659.45654702716,-0.889855065,6.88644754,2.70698421,-957.316212134186,4632.52680837364,4661.45896692704,-6.057821795,-3.998189785,2.720660965,YES,732140481,4566.04479169774,-1255.80239720987,4656.20002718998,-0.88382999,6.8844392,2.71432576,21.6114281391999,22.4657138364,13,YES,YES,NO,NO,YES,YES,FINE_REF_POINT,NO,ATTITUDE_INVALID,35.0009976666,NOT_ACTIVE,NO,YES,-0.155244075395118,-0.547999394040011,0.622521250049574,0.536715189265696,-0.000441135,-0.0010644,-0.001184225,YES,YES,YES,1008,0,0.0025000001,4,6,16,AUTO,AUTO,AUTO,-0.294373077636718,0.424012105468749,0.773398427246093,0.3679851875,-0.0011699999532,-0.0012024999519,-0.0001874999924999,216,148,TRACK,OK,35,35,1,1,1,1,1,1,1,1,0,1,1,1,0,1,1,1,1,1,1,1,1,1,1,1,1,0,0,0,0,0,0,0,-0.916159977096,0.40079998998,0.000519999987,-0.47559998811,-0.475639988109,-0.739959981501,-0.854759978631,0.311639992209,0.415039989624,0.0009449959716501,0.0005970069820897,0.853025181409243,0.521868499343944,-1030.2340515117,618.6980309349,643.2560321628,-0.0664631022412823,0.0630253555736298,-0.280176353413681,0.993879975153,-0.101239997469,-0.043919998902,-0.158479996038,-0.875559978111,-0.456359988591,2023-03-14 20:20:48.568700160
31,1678825249.54272,44999.6811289583,1678825249.54272,44999.6811289583,20718,1.35822722913205e+19,1,512,32,732140483,0,REALTIME,46,0,160,0,0,0,EN,EN,732140482.999995,YES,40148014,25,85,17,19,21.60000027,18.8149996237,19.0899996182,18.7149996257,12.280000614,16.2199996756,17.7800007112,12.69950050798,4.98800019952,3.32300013292,3.90600015624,3.96950015878,0.2075000083,0.6350000254,0.02450000098,0.02450000098,5.0225002009,15.24850060994,22.38350089534,20.45800081832,2.12200008488,0.17100000684,1.46950005878,OFF,732140483.199995,4564.09009179548,-1240.65331796733,4662.16034689197,-0.895024315,6.88826036,2.70063657,-963.373391831327,4628.52546857371,4664.17644679116,-6.0565178,-4.00447737,2.714310595,YES,732140482,4565.15827174207,-1248.91713755414,4658.91110705443,-0.88897521,6.886215495,2.708023255,21.6114281391999,22.4657138364,13,YES,YES,NO,NO,YES,YES,FINE_REF_POINT,NO,ATTITUDE_INVALID,35.0009976666,NOT_ACTIVE,NO,YES,-0.15472894790542,-0.548534514029309,0.622160502556789,0.536735604265287,-0.00047903,-0.001020625,-0.00108578,YES,YES,YES,1008,0,0.0025000001,4,6,16,AUTO,AUTO,AUTO,-0.29414325390625,0.423330936523437,0.773792900390625,0.368123907714843,-0.0011024999558999,-0.0011799999527999,-0.0002274999908999,216,144,TRACK,OK,33,33,1,1,1,1,1,1,1,1,0,1,1,1,0,1,1,1,1,1,1,1,1,1,1,1,1,0,0,0,0,0,0,0,-0.916639977084,0.399719990007,0.000559999986,-0.475839988104,-0.475839988104,-0.739679981508,-0.854679978633,0.310439992239,0.416119989597,0.0009450179716494,0.0005969729820908,0.853044208408672,0.521837397344877,-1027.0420513521,623.2140311607,642.8920321446,-0.0664631022412823,0.0630253555736298,-0.272154944522492,0.993879975153,-0.101239997469,-0.043919998902,-0.158439996039,-0.875559978111,-0.45639998859,2023-03-14 20:20:49.542720000
