,TIME,APID_VALID,CRC_VALID,FPGA_COUNTER,0,1,2,3,4,32,33,34,35,36,37,38,47,48,53,54,57,60,61,62,63,96,97,200,201,202,203,204,205,300,301,302,303,602,603,604,605,606,607,608,609,610,611,DAC_1_A,DAC_1_B,DAC_1_C,DAC_1_D,DAC_2_A,DAC_2_B,DAC_2_C,DAC_2_D,timestamp_
0,2021-11-02 13:59:25 -0600,1,1,0,0,0,0,0,0,0,85,0,0,0,0,0,0,2,32,9,0,2,0,0,65,0,2,28.18036651611328,28.33487701416016,28.36063766479492,27.76880645751953,28.437938690185547,28.128883361816406,0.0733267292380333,0.0143465343862771,0.0031881188042461,0.2263564318418502,2,0,2,0.0,0.0,0.0,0,0,0,0.0,0,0,0,0,0,0,0,0,2021-11-02 13:59:25-06:00
1,2021-11-02 13:59:30 -0600,1,1,1,0,0,0,0,0,0,85,0,0,0,0,0,0,2,76,9,0,2,0,0,65,0,2,28.103147506713867,28.23185920715332,28.206111907958984,27.76880645751953,28.386402130126957,27.948780059814453,0.0645594075322151,0.0255049504339694,0.0023910892195999,0.2885247468948364,2,0,2,0.0,0.0,0.0,0,0,0,0.0,0,0,0,0,0,0,0,0,
2,2021-11-02 13:59:35 -0600,1,1,2,0,0,0,0,0,0,85,0,0,0,0,0,0,2,16,9,0,2,0,0,65,0,2,28.103147506713867,28.33487701416016,28.36063766479492,27.820215225219727,28.386402130126957,28.000225067138672,0.1083960384130477,0.040648516267538,0.0119554456323385,0.082094058394432,2,0,2,0.0,0.0,0.0,0,0,0,0.0,0,0,0,0,0,0,0,0,
3,2021-11-02 13:59:40 -0600,1,1,3,0,0,0,0,0,0,85,0,0,0,0,0,0,2,208,9,0,2,0,0,65,0,1,28.18036651611328,28.412168502807617,28.36063766479492,27.92306137084961,28.51526260375977,28.051681518554688,0.0900643542408943,0.0263019800186157,0.0023910892195999,0.1586089134216308,2,0,2,0.0,0.0,0.0,0,0,0,0.0,0,0,0,0,0,0,0,0,
4,2021-11-02 13:59:45 -0600,1,1,4,0,0,0,0,0,0,85,0,0,0,0,0,0,2,205,9,0,2,0,0,65,0,1,28.206111907958984,28.28336334228516,28.79899024963379,27.845922470092773,28.437938690185547,28.051681518554688,0.0749207884073257,0.0366633646190166,0.001594059402123,0.2853366434574127,2,0,2,0.0,0.0,0.0,0,0,0,0.0,0,0,0,0,0,0,0,0,
5,2021-11-02 13:59:50 -0600,1,1,5,0,0,0,0,0,0,85,0,0,0,0,0,0,2,38,9,0,2,0,0,65,0,1,28.23185920715332,28.46371078491211,28.489484786987305,27.820215225219727,28.386402130126957,28.051681518554688,0.084485150873661,0.0183316823095083,0.0031881188042461,0.1936782151460647,2,0,2,0.0,0.0,0.0,0,0,0,0.0,0,0,0,0,0,0,0,0,
6,2021-11-02 13:59:55 -0600,1,1,6,0,0,0,0,0,0,85,0,0,0,0,0,0,2,100,9,0,2,0,0,65,0,1,28.206111907958984,28.309118270874023,28.592609405517575,27.89734649658203,28.412168502807617,28.051681518554688,0.0573861375451087,0.0143465343862771,0.0023910892195999,0.3116386234760284,2,0,2,0.0,0.0,0.0,0,0,0,0.0,0,0,0,0,0,0,0,0,
7,2021-11-02 14:00:00 -0600,1,1,7,0,0,0,0,0,0,85,0,0,0,0,0,0,2,33,9,0,2,0,0,65,0,1,28.25761032104492,28.850610733032227,28.644189834594727,27.87163352966309,28.46371078491211,28.15462303161621,0.0812970325350761,0.0055792080238461,0.0023910892195999,0.200851485133171,2,0,2,0.0,0.0,0.0,0,0,0,0.0,0,0,0,0,0,0,0,0,
8,2021-11-02 14:00:05 -0600,1,1,8,0,0,0,0,0,0,85,0,0,0,0,0,0,2,134,9,0,2,0,0,65,0,1,28.15462303161621,28.412168502807617,28.566823959350582,27.97450065612793,28.25761032104492,28.103147506713867,0.0741237625479698,0.0039851483888924,0.0023910892195999,0.1283217817544937,2,0,2,0.0,0.0,0.0,0,0,0,0.0,0,0,0,0,0,0,0,0,
9,2021-11-02 14:00:10 -0600,1,1,9,0,0,0,0,0,0,85,0,0,0,0,0,0,2,103,9,0,2,0,0,65,0,1,28.25761032104492,28.66998291015625,28.566823959350582,27.92306137084961,28.46371078491211,28.128883361816406,0.0693415850400924,0.0023910892195999,0.0023910892195999,0.2670049369335174,2,0,2,0.0,0.0,0.0,0,0,0,0.0,0,0,0,0,0,0,0,0,
10,2021-11-02 14:00:15 -0600,1,1,10,0,0,0,0,0,0,85,0,0,0,0,0,0,2,8,9,0,2,0,0,65,0,1,28.206111907958984,28.437938690185547,28.644189834594727,27.71741104125977,28.412168502807617,28.077411651611328,0.0534009896218776,0.001594059402123,0.001594059402123,0.1386831700801849,2,0,2,0.0,0.0,0.0,0,0,0,0.0,0,0,0,0,0,0,0,0,
11,2021-11-02 14:00:20 -0600,1,1,11,0,0,0,0,0,0,85,0,0,0,0,0,0,2,76,9,0,2,0,0,65,0,1,28.23185920715332,28.28336334228516,28.850610733032227,27.820215225219727,28.412168502807617,28.051681518554688,0.0860792100429534,0.0023910892195999,0.0031881188042461,0.1450594067573547,2,0,2,0.0,0.0,0.0,0,0,0,0.0,0,0,0,0,0,0,0,0,
12,2021-11-02 14:00:25 -0600,1,1,12,0,0,0,0,0,0,85,0,0,0,0,0,0,2,211,9,0,2,0,0,65,0,1,28.25761032104492,28.566823959350582,28.92806434631348,27.92306137084961,28.51526260375977,28.103147506713867,0.0541980192065238,0.001594059402123,0.0023910892195999,0.1625940650701522,2,0,2,0.0,0.0,0.0,0,0,0,0.0,0,0,0,0,0,0,0,0,
13,2021-11-02 14:00:30 -0600,1,1,13,0,0,0,0,0,0,85,0,0,0,0,0,0,2,222,9,0,2,0,0,65,0,1,28.309118270874023,28.66998291015625,28.90224266052246,27.820215225219727,28.28336334228516,28.128883361816406,0.0677475258708,0.0023910892195999,0.0023910892195999,0.2749752402305603,2,0,2,0.0,0.0,0.0,0,0,0,0.0,0,0,0,0,0,0,0,0,
14,2021-11-02 14:00:35 -0600,1,1,14,0,0,0,0,0,0,85,0,0,0,0,0,0,2,79,9,0,2,0,0,65,0,1,28.23185920715332,28.566823959350582,28.95388603210449,27.845922470092773,28.489484786987305,28.103147506713867,0.0765148550271987,0.0119554456323385,0.0023910892195999,0.2446881234645843,2,0,2,0.0,0.0,0.0,0,0,0,0.0,0,0,0,0,0,0,0,0,
15,2021-11-02 14:00:40 -0600,1,1,15,0,0,0,0,0,0,85,0,0,0,0,0,0,2,58,9,0,2,0,0,65,0,1,28.33487701416016,28.51526260375977,28.850610733032227,28.000225067138672,28.103147506713867,28.103147506713867,0.0789059400558471,0.0071732671931385,0.0023910892195999,0.2351237684488296,2,0,2,0.0,0.0,0.0,0,0,0,0.0,0,0,0,0,0,0,0,0,
16,2021-11-02 14:00:45 -0600,1,1,16,0,0,0,0,0,0,85,0,0,0,0,0,0,2,218,9,0,2,0,0,65,0,1,28.25761032104492,28.412168502807617,28.95388603210449,27.97450065612793,28.489484786987305,28.128883361816406,0.0382574275135993,0.0127524752169847,0.0023910892195999,0.2534554600715637,2,0,2,0.0,0.0,0.0,0,0,0,0.0,0,0,0,0,0,0,0,0,
17,2021-11-02 14:00:50 -0600,1,1,17,0,0,0,0,0,0,85,0,0,0,0,0,0,2,95,9,0,2,0,0,65,0,1,28.28336334228516,28.412168502807617,28.773181915283203,28.051681518554688,28.51526260375977,28.077411651611328,0.0828910917043685,0.0023910892195999,0.0023910892195999,0.3020742535591125,2,0,2,0.0,0.0,0.0,0,0,0,0.0,0,0,0,0,0,0,0,0,
18,2021-11-02 14:00:55 -0600,1,1,18,0,0,0,0,0,0,85,0,0,0,0,0,0,2,69,9,0,2,0,0,65,0,1,28.33487701416016,28.566823959350582,29.0313720703125,28.103147506713867,28.54104232788086,28.15462303161621,0.0613712854683399,0.0039851483888924,0.001594059402123,0.2367178201675415,2,0,2,0.0,0.0,0.0,0,0,0,0.0,0,0,0,0,0,0,0,0,
19,2021-11-02 14:01:00 -0600,1,1,19,0,0,0,0,0,0,85,0,0,0,0,0,0,2,73,9,0,2,0,0,65,0,1,28.386402130126957,28.61839866638184,28.979711532592773,28.025951385498047,28.644189834594727,28.23185920715332,0.0773118808865547,0.010361386463046,0.001594059402123,0.2725841701030731,2,0,2,0.0,0.0,0.0,0,0,0,0.0,0,0,0,0,0,0,0,0,
20,2021-11-02 14:01:05 -0600,1,1,20,0,0,0,0,0,0,85,0,0,0,0,0,0,2,4,9,0,2,0,0,65,0,1,28.28336334228516,28.592609405517575,29.134721755981445,28.15462303161621,28.437938690185547,28.206111907958984,0.0773118808865547,0.0039851483888924,0.0023910892195999,0.1944752484560012,2,0,2,0.0,0.0,0.0,0,0,0,0.0,0,0,0,0,0,0,0,0,
21,2021-11-02 14:01:10 -0600,1,1,21,0,0,0,0,0,0,85,0,0,0,0,0,0,2,108,9,0,2,0,0,65,0,1,28.437938690185547,28.489484786987305,29.1088809967041,28.025951385498047,28.386402130126957,28.25761032104492,0.0860792100429534,0.001594059402123,0.001594059402123,0.1952722817659378,2,0,2,0.0,0.0,0.0,0,0,0,0.0,0,0,0,0,0,0,0,0,
22,2021-11-02 14:01:15 -0600,1,1,22,0,0,0,0,0,0,85,0,0,0,0,0,0,2,238,9,0,2,0,0,65,0,1,28.25761032104492,28.592609405517575,29.1088809967041,28.15462303161621,28.489484786987305,28.23185920715332,0.0765148550271987,0.0023910892195999,0.0023910892195999,0.215995043516159,2,0,2,0.0,0.0,0.0,0,0,0,0.0,0,0,0,0,0,0,0,0,
23,2021-11-02 14:01:20 -0600,1,1,23,0,0,0,0,0,0,85,0,0,0,0,0,0,2,64,9,0,2,0,0,65,0,1,28.36063766479492,28.66998291015625,28.979711532592773,28.025951385498047,28.437938690185547,28.128883361816406,0.0956435650587081,0.001594059402123,0.001594059402123,0.2861336767673492,2,0,2,0.0,0.0,0.0,0,0,0,0.0,0,0,0,0,0,0,0,0,
24,2021-11-02 14:01:27 -0600,1,1,24,0,0,0,0,0,0,85,0,0,0,0,0,0,2,227,9,0,2,0,0,65,0,1,28.309118270874023,28.74737930297852,29.0313720703125,28.412168502807617,28.592609405517575,28.28336334228516,0.0900643542408943,0.0031881188042461,0.0023910892195999,0.1331039667129516,2,0,2,0.0,0.0,0.0,0,0,0,0.0,0,0,0,0,0,0,0,0,
25,2021-11-02 14:01:30 -0600,1,1,25,0,0,0,0,0,0,85,0,0,0,0,0,0,2,249,9,0,2,0,0,65,0,1,28.489484786987305,28.82479858398437,29.00554084777832,28.077411651611328,28.51526260375977,28.18036651611328,0.0717326700687408,0.0199257433414459,0.0023910892195999,0.199257418513298,2,0,2,0.0,0.0,0.0,0,0,0,0.0,0,0,0,0,0,0,0,0,
26,2021-11-02 14:01:35 -0600,1,1,26,0,0,0,0,0,0,85,0,0,0,0,0,0,2,51,9,0,2,0,0,65,0,1,28.386402130126957,28.66998291015625,29.134721755981445,28.18036651611328,28.592609405517575,28.309118270874023,0.0980346500873565,0.010361386463046,0.0023910892195999,0.2383118867874145,2,0,2,0.0,0.0,0.0,0,0,0,0.0,0,0,0,0,0,0,0,0,
27,2021-11-02 14:01:40 -0600,1,1,27,0,0,0,0,0,0,85,0,0,0,0,0,0,2,223,9,0,2,0,0,65,0,1,28.437938690185547,28.82479858398437,29.134721755981445,28.103147506713867,28.592609405517575,28.23185920715332,0.0836881175637245,0.0071732671931385,0.0023910892195999,0.2478762418031692,2,0,2,0.0,0.0,0.0,0,0,0,0.0,0,0,0,0,0,0,0,0,
28,2021-11-02 14:01:45 -0600,1,1,28,0,0,0,0,0,0,85,0,0,0,0,0,0,2,228,9,0,2,0,0,65,0,1,28.18036651611328,28.850610733032227,29.31569099426269,28.103147506713867,28.644189834594727,28.25761032104492,0.0828910917043685,0.0278960391879081,0.0023910892195999,0.2510643601417541,2,0,2,0.0,0.0,0.0,0,0,0,0.0,0,0,0,0,0,0,0,0,
29,2021-11-02 14:01:50 -0600,1,1,29,0,0,0,0,0,0,85,0,0,0,0,0,0,2,143,9,0,2,0,0,65,0,1,28.36063766479492,28.850610733032227,29.212263107299805,28.23185920715332,28.66998291015625,28.15462303161621,0.0828910917043685,0.0191287137567996,0.0023910892195999,0.2502673268318176,2,0,2,0.0,0.0,0.0,0,0,0,0.0,0,0,0,0,0,0,0,0,
30,2021-11-02 14:01:55 -0600,1,1,30,0,0,0,0,0,0,85,0,0,0,0,0,0,2,13,9,0,2,0,0,65,0,1,28.412168502807617,28.74737930297852,28.95388603210449,28.206111907958984,28.61839866638184,28.15462303161621,0.0948465317487716,0.0438366346061229,0.0023910892195999,0.3084504902362823,2,0,2,0.0,0.0,0.0,0,0,0,0.0,0,0,0,0,0,0,0,0,
31,2021-11-02 14:02:00 -0600,1,1,31,0,0,0,0,0,0,85,0,0,0,0,0,0,2,23,9,0,2,0,0,65,0,1,28.489484786987305,28.850610733032227,29.16056632995605,28.103147506713867,28.721576690673828,28.18036651611328,0.0733267292380333,0.0199257433414459,0.0023910892195999,0.2295445501804351,2,0,2,0.0,0.0,0.0,0,0,0,0.0,0,0,0,0,0,0,0,0,
32,2021-11-02 14:02:05 -0600,1,1,32,0,0,0,0,0,0,85,0,0,0,0,0,0,2,2,9,0,2,0,0,65,0,1,28.51526260375977,28.850610733032227,29.496789932250977,28.25761032104492,28.773181915283203,28.309118270874023,0.0733267292380333,0.0263019800186157,0.001594059402123,0.2630198001861572,2,0,2,0.0,0.0,0.0,0,0,0,0.0,0,0,0,0,0,0,0,0,
33,2021-11-02 14:02:10 -0600,1,1,33,0,0,0,0,0,0,85,0,0,0,0,0,0,2,121,9,0,2,0,0,65,0,1,28.566823959350582,28.74737930297852,29.28982925415039,28.128883361816406,28.74737930297852,28.36063766479492,0.0812970325350761,0.0119554456323385,0.0023910892195999,0.1434653401374817,2,0,2,0.0,0.0,0.0,0,0,0,0.0,0,0,0,0,0,0,0,0,
34,2021-11-02 14:02:15 -0600,1,1,34,0,0,0,0,0,0,85,0,0,0,0,0,0,2,217,9,0,2,0,0,65,0,1,28.54104232788086,28.773181915283203,29.057205200195312,28.128883361816406,28.695777893066406,28.077411651611328,0.0892673283815383,0.0270990096032619,0.0023910892195999,0.2104158401489257,2,0,2,0.0,0.0,0.0,0,0,0,0.0,0,0,0,0,0,0,0,0,
35,2021-11-02 14:02:20 -0600,1,1,35,0,0,0,0,0,0,85,0,0,0,0,0,0,2,21,9,0,2,0,0,65,0,1,28.644189834594727,29.057205200195312,29.212263107299805,28.28336334228516,28.695777893066406,28.33487701416016,0.0812970325350761,0.0334752462804317,0.0023910892195999,0.1769405901432037,2,0,2,0.0,0.0,0.0,0,0,0,0.0,0,0,0,0,0,0,0,0,
36,2021-11-02 14:02:25 -0600,1,1,36,0,0,0,0,0,0,85,0,0,0,0,0,0,2,126,9,0,2,0,0,65,0,1,28.489484786987305,28.92806434631348,29.52267265319824,28.206111907958984,28.79899024963379,28.18036651611328,0.084485150873661,0.031084157526493,0.001594059402123,0.1530297100543975,2,0,2,0.0,0.0,0.0,0,0,0,0.0,0,0,0,0,0,0,0,0,
37,2021-11-02 14:02:30 -0600,1,1,37,0,0,0,0,0,0,85,0,0,0,0,0,0,2,211,9,0,2,0,0,65,0,1,28.566823959350582,28.92806434631348,29.367420196533203,28.309118270874023,28.79899024963379,28.309118270874023,0.084485150873661,0.023910891264677,0.0031881188042461,0.1474504917860031,2,0,2,0.0,0.0,0.0,0,0,0,0.0,0,0,0,0,0,0,0,0,
38,2021-11-02 14:02:35 -0600,1,1,38,0,0,0,0,0,0,85,0,0,0,0,0,0,2,168,9,0,2,0,0,65,0,1,28.644189834594727,28.90224266052246,29.367420196533203,28.33487701416016,28.721576690673828,28.18036651611328,0.0908613875508308,0.0358663350343704,0.0023910892195999,0.2319356501102447,2,0,2,0.0,0.0,0.0,0,0,0,0.0,0,0,0,0,0,0,0,0,
39,2021-11-02 14:02:40 -0600,1,1,39,0,0,0,0,0,0,85,0,0,0,0,0,0,2,0,9,0,2,0,0,65,0,1,28.592609405517575,29.057205200195312,29.238117218017575,28.28336334228516,28.79899024963379,28.437938690185547,0.0725297033786773,0.0055792080238461,0.001594059402123,0.3275792002677917,2,0,2,0.0,0.0,0.0,0,0,0,0.0,0,0,0,0,0,0,0,0,
40,2021-11-02 14:02:45 -0600,1,1,40,0,0,0,0,0,0,85,0,0,0,0,0,0,2,154,9,0,2,0,0,65,0,1,28.721576690673828,29.134721755981445,29.28982925415039,28.309118270874023,28.74737930297852,28.412168502807617,0.0749207884073257,0.0366633646190166,0.0023910892195999,0.220777228474617,2,0,2,0.0,0.0,0.0,0,0,0,0.0,0,0,0,0,0,0,0,0,
41,2021-11-02 14:02:50 -0600,1,1,41,0,0,0,0,0,0,85,0,0,0,0,0,0,2,177,9,0,2,0,0,65,0,1,28.61839866638184,29.057205200195312,29.367420196533203,28.309118270874023,28.876426696777344,28.386402130126957,0.0828910917043685,0.0549950487911701,0.0023910892195999,0.2064306885004043,2,0,2,0.0,0.0,0.0,0,0,0,0.0,0,0,0,0,0,0,0,0,
42,2021-11-02 14:02:55 -0600,1,1,42,0,0,0,0,0,0,85,0,0,0,0,0,0,2,165,9,0,2,0,0,65,0,1,28.66998291015625,28.773181915283203,29.393287658691406,28.592609405517575,28.721576690673828,28.412168502807617,0.1219455450773239,0.0071732671931385,0.0031881188042461,0.2064306885004043,2,0,2,0.0,0.0,0.0,0,0,0,0.0,0,0,0,0,0,0,0,0,
43,2021-11-02 14:03:00 -0600,1,1,43,0,0,0,0,0,0,85,0,0,0,0,0,0,2,9,9,0,2,0,0,65,0,1,28.66998291015625,29.0313720703125,29.496789932250977,28.489484786987305,28.850610733032227,28.412168502807617,0.0797029733657836,0.0231138616800308,0.0023910892195999,0.1801287084817886,2,0,2,0.0,0.0,0.0,0,0,0,0.0,0,0,0,0,0,0,0,0,
44,2021-11-02 14:03:05 -0600,1,1,44,0,0,0,0,0,0,85,0,0,0,0,0,0,2,61,9,0,2,0,0,65,0,1,28.566823959350582,28.90224266052246,29.341552734375,28.386402130126957,28.876426696777344,28.54104232788086,0.0964405909180641,0.0294900983572006,0.0023910892195999,0.2606287002563476,2,0,2,0.0,0.0,0.0,0,0,0,0.0,0,0,0,0,0,0,0,0,
45,2021-11-02 14:03:10 -0600,1,1,45,0,0,0,0,0,0,85,0,0,0,0,0,0,2,198,9,0,2,0,0,65,0,1,28.74737930297852,29.1088809967041,29.419158935546875,28.489484786987305,28.74737930297852,28.412168502807617,0.0637623742222786,0.0382574275135993,0.0023910892195999,0.334752470254898,2,0,2,0.0,0.0,0.0,0,0,0,0.0,0,0,0,0,0,0,0,0,
46,2021-11-02 14:03:15 -0600,1,1,46,0,0,0,0,0,0,85,0,0,0,0,0,0,2,60,9,0,2,0,0,65,0,1,28.850610733032227,29.0313720703125,29.496789932250977,28.51526260375977,28.90224266052246,28.489484786987305,0.1147722750902175,0.0414455458521842,0.0023910892195999,0.2215742617845535,2,0,2,0.0,0.0,0.0,0,0,0,0.0,0,0,0,0,0,0,0,0,
47,2021-11-02 14:03:20 -0600,1,1,47,0,0,0,0,0,0,85,0,0,0,0,0,0,2,23,9,0,2,0,0,65,0,1,28.92806434631348,28.92806434631348,29.341552734375,28.51526260375977,28.90224266052246,28.412168502807617,0.0900643542408943,0.0286930687725543,0.0023910892195999,0.2510643601417541,2,0,2,0.0,0.0,0.0,0,0,0,0.0,0,0,0,0,0,0,0,0,
48,2021-11-02 14:03:25 -0600,1,1,48,0,0,0,0,0,0,85,0,0,0,0,0,0,2,244,9,0,2,0,0,65,0,1,28.695777893066406,29.0313720703125,29.367420196533203,28.61839866638184,28.92806434631348,28.51526260375977,0.1036138609051704,0.0199257433414459,0.0031881188042461,0.237514853477478,2,0,2,0.0,0.0,0.0,0,0,0,0.0,0,0,0,0,0,0,0,0,
49,2021-11-02 14:03:30 -0600,1,1,49,0,0,0,0,0,0,85,0,0,0,0,0,0,2,96,9,0,2,0,0,65,0,1,28.74737930297852,29.212263107299805,29.52267265319824,28.566823959350582,28.850610733032227,28.46371078491211,0.0685445517301559,0.0215198025107383,0.0023910892195999,0.1912871301174163,2,0,2,0.0,0.0,0.0,0,0,0,0.0,0,0,0,0,0,0,0,0,
50,2021-11-02 14:03:35 -0600,1,1,50,0,0,0,0,0,0,85,0,0,0,0,0,0,2,249,9,0,2,0,0,65,0,1,28.773181915283203,29.31569099426269,29.652122497558597,28.33487701416016,28.979711532592773,28.489484786987305,0.0797029733657836,0.0255049504339694,0.0023910892195999,0.2949009835720062,2,0,2,0.0,0.0,0.0,0,0,0,0.0,0,0,0,0,0,0,0,0,
51,2021-11-02 14:03:40 -0600,1,1,51,0,0,0,0,0,0,85,0,0,0,0,0,0,2,97,9,0,2,0,0,65,0,1,28.773181915283203,29.1088809967041,29.60033416748047,28.46371078491211,28.82479858398437,28.51526260375977,0.11636633425951,0.0095643568783998,0.0023910892195999,0.1426683217287063,2,0,2,0.0,0.0,0.0,0,0,0,0.0,0,0,0,0,0,0,0,0,
52,2021-11-02 14:03:45 -0600,1,1,52,0,0,0,0,0,0,85,0,0,0,0,0,0,2,47,9,0,2,0,0,65,0,1,28.876426696777344,29.26397132873535,29.496789932250977,28.489484786987305,28.95388603210449,28.46371078491211,0.099628709256649,0.0358663350343704,0.0023910892195999,0.1315099000930786,2,0,2,0.0,0.0,0.0,0,0,0,0.0,0,0,0,0,0,0,0,0,
53,2021-11-02 14:03:50 -0600,1,1,53,0,0,0,0,0,0,85,0,0,0,0,0,0,2,80,9,0,2,0,0,65,0,1,28.82479858398437,29.212263107299805,29.60033416748047,28.592609405517575,28.95388603210449,28.489484786987305,0.1370891034603119,0.0247079208493232,0.0023910892195999,0.1849108934402465,2,0,2,0.0,0.0,0.0,0,0,0,0.0,0,0,0,0,0,0,0,0,
54,2021-11-02 14:03:55 -0600,1,1,54,0,0,0,0,0,0,85,0,0,0,0,0,0,2,222,9,0,2,0,0,65,0,1,28.79899024963379,29.212263107299805,29.54855728149414,28.773181915283203,28.979711532592773,28.437938690185547,0.1203514859080314,0.0047821784391999,0.001594059402123,0.3044653534889221,2,0,2,0.0,0.0,0.0,0,0,0,0.0,0,0,0,0,0,0,0,0,
55,2021-11-02 14:04:00 -0600,1,1,55,0,0,0,0,0,0,85,0,0,0,0,0,0,2,115,9,0,2,0,0,65,0,1,28.82479858398437,29.26397132873535,29.60033416748047,28.66998291015625,28.979711532592773,28.46371078491211,0.1139752492308616,0.0358663350343704,0.0023910892195999,0.2104158401489257,2,0,2,0.0,0.0,0.0,0,0,0,0.0,0,0,0,0,0,0,0,0,
56,2021-11-02 14:04:05 -0600,1,1,56,0,0,0,0,0,0,85,0,0,0,0,0,0,2,38,9,0,2,0,0,65,0,1,28.82479858398437,29.212263107299805,29.70392227172852,28.437938690185547,29.134721755981445,28.644189834594727,0.1099900975823402,0.0326782166957855,0.0031881188042461,0.1896930634975433,2,0,2,0.0,0.0,0.0,0,0,0,0.0,0,0,0,0,0,0,0,0,
57,2021-11-02 14:04:10 -0600,1,1,57,0,0,0,0,0,0,85,0,0,0,0,0,0,2,159,9,0,2,0,0,65,0,1,28.90224266052246,29.16056632995605,29.496789932250977,28.592609405517575,28.979711532592773,28.51526260375977,0.1267277300357818,0.0318811871111393,0.0023910892195999,0.1976633667945861,2,0,2,0.0,0.0,0.0,0,0,0,0.0,0,0,0,0,0,0,0,0,
58,2021-11-02 14:04:15 -0600,1,1,58,0,0,0,0,0,0,85,0,0,0,0,0,0,2,187,9,0,2,0,0,65,0,1,29.00554084777832,29.31569099426269,29.62622833251953,28.566823959350582,29.057205200195312,28.644189834594727,0.0972376242280006,0.031084157526493,0.0023910892195999,0.2829455435276031,2,0,2,0.0,0.0,0.0,0,0,0,0.0,0,0,0,0,0,0,0,0,
59,2021-11-02 14:04:20 -0600,1,1,59,0,0,0,0,0,0,85,0,0,0,0,0,0,2,157,9,0,2,0,0,65,0,1,28.66998291015625,29.212263107299805,29.496789932250977,28.54104232788086,29.00554084777832,28.46371078491211,0.1370891034603119,0.0414455458521842,0.001594059402123,0.2399059385061264,2,0,2,0.0,0.0,0.0,0,0,0,0.0,0,0,0,0,0,0,0,0,
60,2021-11-02 14:04:25 -0600,1,1,60,0,0,0,0,0,0,85,0,0,0,0,0,0,2,36,9,0,2,0,0,65,0,1,28.51526260375977,29.341552734375,29.28982925415039,28.66998291015625,29.00554084777832,28.644189834594727,0.1131782159209251,0.0366633646190166,0.0031881188042461,0.3371435701847076,2,0,2,0.0,0.0,0.0,0,0,0,0.0,0,0,0,0,0,0,0,0,
61,2021-11-02 14:04:30 -0600,1,1,61,0,0,0,0,0,0,85,0,0,0,0,0,0,2,87,9,0,2,0,0,65,0,1,29.00554084777832,29.44503402709961,29.83346939086914,28.74737930297852,29.16056632995605,28.74737930297852,0.0589801967144012,0.0414455458521842,0.001594059402123,0.2151980251073837,2,0,2,0.0,0.0,0.0,0,0,0,0.0,0,0,0,0,0,0,0,0,
62,2021-11-02 14:04:35 -0600,1,1,62,0,0,0,0,0,0,85,0,0,0,0,0,0,2,170,9,0,2,0,0,65,0,1,29.057205200195312,29.44503402709961,29.729825973510746,28.721576690673828,29.134721755981445,28.61839866638184,0.0940495058894157,0.0302871279418468,0.0023910892195999,0.1036138609051704,2,0,2,0.0,0.0,0.0,0,0,0,0.0,0,0,0,0,0,0,0,0,
63,2021-11-02 14:04:40 -0600,1,1,63,0,0,0,0,0,0,85,0,0,0,0,0,0,2,34,9,0,2,0,0,65,0,1,28.850610733032227,29.470911026000977,29.70392227172852,28.592609405517575,29.1088809967041,28.61839866638184,0.1155693084001541,0.0231138616800308,0.0023910892195999,0.2096188068389892,2,0,2,0.0,0.0,0.0,0,0,0,0.0,0,0,0,0,0,0,0,0,
64,2021-11-02 14:04:45 -0600,1,1,64,0,0,0,0,0,0,85,0,0,0,0,0,0,2,157,9,0,2,0,0,65,0,1,28.876426696777344,29.367420196533203,29.88530540466309,28.721576690673828,29.1088809967041,28.721576690673828,0.1211485117673873,0.0191287137567996,0.001594059402123,0.133900985121727,2,0,2,0.0,0.0,0.0,0,0,0,0.0,0,0,0,0,0,0,0,0,
65,2021-11-02 14:04:50 -0600,1,1,65,0,0,0,0,0,0,85,0,0,0,0,0,0,2,74,9,0,2,0,0,65,0,1,28.92806434631348,29.54855728149414,29.678022384643555,28.90224266052246,29.057205200195312,28.695777893066406,0.0860792100429534,0.0390544570982456,0.0023910892195999,0.1115841567516326,2,0,2,0.0,0.0,0.0,0,0,0,0.0,0,0,0,0,0,0,0,0,
66,2021-11-02 14:04:55 -0600,1,1,66,0,0,0,0,0,0,85,0,0,0,0,0,0,2,176,9,0,2,0,0,65,0,1,28.95388603210449,29.470911026000977,29.78164291381836,28.876426696777344,29.1088809967041,28.66998291015625,0.0956435650587081,0.0199257433414459,0.0023910892195999,0.2622227668762207,2,0,2,0.0,0.0,0.0,0,0,0,0.0,0,0,0,0,0,0,0,0,
67,2021-11-02 14:05:00 -0600,1,1,67,0,0,0,0,0,0,85,0,0,0,0,0,0,2,48,9,0,2,0,0,65,0,1,29.0313720703125,29.44503402709961,29.80755424499512,28.82479858398437,29.212263107299805,28.79899024963379,0.0868762359023094,0.0294900983572006,0.0031881188042461,0.2391089051961898,2,0,2,0.0,0.0,0.0,0,0,0,0.0,0,0,0,0,0,0,0,0,
68,2021-11-02 14:05:05 -0600,1,1,68,0,0,0,0,0,0,85,0,0,0,0,0,0,2,68,9,0,2,0,0,65,0,1,29.134721755981445,29.419158935546875,29.80755424499512,28.695777893066406,29.18641471862793,28.695777893066406,0.0956435650587081,0.0071732671931385,0.001594059402123,0.2104158401489257,2,0,2,0.0,0.0,0.0,0,0,0,0.0,0,0,0,0,0,0,0,0,
69,2021-11-02 14:05:10 -0600,1,1,69,0,0,0,0,0,0,85,0,0,0,0,0,0,2,139,9,0,2,0,0,65,0,1,29.08304214477539,29.54855728149414,29.8593864440918,28.773181915283203,29.31569099426269,28.644189834594727,0.0956435650587081,0.023910891264677,0.0023910892195999,0.2319356501102447,2,0,2,0.0,0.0,0.0,0,0,0,0.0,0,0,0,0,0,0,0,0,
70,2021-11-02 14:05:15 -0600,1,1,70,0,0,0,0,0,0,85,0,0,0,0,0,0,2,53,9,0,2,0,0,65,0,1,29.0313720703125,29.496789932250977,29.8593864440918,28.74737930297852,29.18641471862793,28.721576690673828,0.0924554467201232,0.0231138616800308,0.001594059402123,0.1880990117788314,2,0,2,0.0,0.0,0.0,0,0,0,0.0,0,0,0,0,0,0,0,0,
71,2021-11-02 14:05:20 -0600,1,1,71,0,0,0,0,0,0,85,0,0,0,0,0,0,2,27,9,0,2,0,0,65,0,1,28.979711532592773,29.62622833251953,29.80755424499512,28.92806434631348,29.08304214477539,28.74737930297852,0.1052079200744628,0.0430396050214767,0.0023910892195999,0.1681732684373855,2,0,2,0.0,0.0,0.0,0,0,0,0.0,0,0,0,0,0,0,0,0,
72,2021-11-02 14:05:25 -0600,1,1,72,0,0,0,0,0,0,85,0,0,0,0,0,0,2,177,9,0,2,0,0,65,0,1,29.1088809967041,29.54855728149414,29.91122817993164,28.92806434631348,29.26397132873535,28.695777893066406,0.1179603934288024,0.0334752462804317,0.0023910892195999,0.2470792084932327,2,0,2,0.0,0.0,0.0,0,0,0,0.0,0,0,0,0,0,0,0,0,
73,2021-11-02 14:05:30 -0600,1,1,73,0,0,0,0,0,0,85,0,0,0,0,0,0,2,92,9,0,2,0,0,65,0,1,29.212263107299805,29.60033416748047,29.80755424499512,28.90224266052246,29.1088809967041,28.82479858398437,0.1099900975823402,0.0382574275135993,0.0023910892195999,0.2175891101360321,2,0,2,0.0,0.0,0.0,0,0,0,0.0,0,0,0,0,0,0,0,0,
74,2021-11-02 14:05:35 -0600,1,1,74,0,0,0,0,0,0,85,0,0,0,0,0,0,2,95,9,0,2,0,0,65,0,1,29.057205200195312,29.60033416748047,29.755733489990234,28.82479858398437,29.26397132873535,28.74737930297852,0.0852821767330169,0.0231138616800308,0.0023910892195999,0.2709901034832001,2,0,2,0.0,0.0,0.0,0,0,0,0.0,0,0,0,0,0,0,0,0,
75,2021-11-02 14:05:40 -0600,1,1,75,0,0,0,0,0,0,85,0,0,0,0,0,0,2,50,9,0,2,0,0,65,0,1,29.212263107299805,29.62622833251953,29.78164291381836,28.850610733032227,29.341552734375,28.721576690673828,0.1004257425665855,0.0422425754368305,0.001594059402123,0.3785891234874725,2,0,2,0.0,0.0,0.0,0,0,0,0.0,0,0,0,0,0,0,0,0,
76,2021-11-02 14:05:45 -0600,1,1,76,0,0,0,0,0,0,85,0,0,0,0,0,0,2,24,9,0,2,0,0,65,0,1,29.1088809967041,29.652122497558597,29.937152862548828,28.979711532592773,29.496789932250977,28.695777893066406,0.1195544525980949,0.0183316823095083,0.0023910892195999,0.2407029718160629,2,0,2,0.0,0.0,0.0,0,0,0,0.0,0,0,0,0,0,0,0,0,
77,2021-11-02 14:05:50 -0600,1,1,77,0,0,0,0,0,0,85,0,0,0,0,0,0,2,14,9,0,2,0,0,65,0,1,28.979711532592773,29.54855728149414,29.91122817993164,29.0313720703125,29.08304214477539,28.82479858398437,0.1060049533843994,0.0358663350343704,0.001594059402123,0.333158403635025,2,0,2,0.0,0.0,0.0,0,0,0,0.0,0,0,0,0,0,0,0,0,
78,2021-11-02 14:05:55 -0600,1,1,78,0,0,0,0,0,0,85,0,0,0,0,0,0,2,80,9,0,2,0,0,65,0,1,29.16056632995605,29.652122497558597,29.91122817993164,28.90224266052246,29.31569099426269,28.95388603210449,0.0852821767330169,0.0390544570982456,0.0023910892195999,0.237514853477478,2,0,2,0.0,0.0,0.0,0,0,0,0.0,0,0,0,0,0,0,0,0,
79,2021-11-02 14:06:00 -0600,1,1,79,0,0,0,0,0,0,85,0,0,0,0,0,0,2,135,9,0,2,0,0,65,0,1,29.393287658691406,29.52267265319824,29.96308135986328,28.90224266052246,29.367420196533203,28.876426696777344,0.0677475258708,0.0430396050214767,0.0023910892195999,0.3379406034946441,2,0,2,0.0,0.0,0.0,0,0,0,0.0,0,0,0,0,0,0,0,0,
80,2021-11-02 14:06:05 -0600,1,1,80,0,0,0,0,0,0,85,0,0,0,0,0,0,2,67,9,0,2,0,0,65,0,1,29.28982925415039,29.678022384643555,29.96308135986328,28.95388603210449,29.28982925415039,28.850610733032227,0.1083960384130477,0.0231138616800308,0.0031881188042461,0.2933069169521332,2,0,2,0.0,0.0,0.0,0,0,0,0.0,0,0,0,0,0,0,0,0,
81,2021-11-02 14:06:10 -0600,1,1,81,0,0,0,0,0,0,85,0,0,0,0,0,0,2,6,9,0,2,0,0,65,0,1,29.238117218017575,29.678022384643555,30.066822052001957,28.90224266052246,29.393287658691406,28.850610733032227,0.1394802033901214,0.0486188121140003,0.0023910892195999,0.2335297018289566,2,0,2,0.0,0.0,0.0,0,0,0,0.0,0,0,0,0,0,0,0,0,
82,2021-11-02 14:06:15 -0600,1,1,82,0,0,0,0,0,0,85,0,0,0,0,0,0,2,222,9,0,2,0,0,65,0,1,29.470911026000977,29.729825973510746,30.092761993408203,28.876426696777344,29.496789932250977,28.82479858398437,0.0892673283815383,0.0270990096032619,0.0023910892195999,0.2717871367931366,2,0,2,0.0,0.0,0.0,0,0,0,0.0,0,0,0,0,0,0,0,0,
83,2021-11-02 14:06:20 -0600,1,1,83,0,0,0,0,0,0,85,0,0,0,0,0,0,2,195,9,0,2,0,0,65,0,1,29.26397132873535,29.652122497558597,30.01494598388672,29.16056632995605,29.419158935546875,28.95388603210449,0.0900643542408943,0.0191287137567996,0.0023910892195999,0.2151980251073837,2,0,2,0.0,0.0,0.0,0,0,0,0.0,0,0,0,0,0,0,0,0,
84,2021-11-02 14:06:25 -0600,1,1,84,0,0,0,0,0,0,85,0,0,0,0,0,0,2,123,9,0,2,0,0,65,0,1,29.393287658691406,29.62622833251953,29.91122817993164,29.18641471862793,29.367420196533203,28.876426696777344,0.0908613875508308,0.0414455458521842,0.001594059402123,0.2486732602119445,2,0,2,0.0,0.0,0.0,0,0,0,0.0,0,0,0,0,0,0,0,0,
85,2021-11-02 14:06:30 -0600,1,1,85,0,0,0,0,0,0,85,0,0,0,0,0,0,2,209,9,0,2,0,0,65,0,1,29.28982925415039,29.678022384643555,29.91122817993164,29.18641471862793,29.44503402709961,28.979711532592773,0.1155693084001541,0.0518069304525852,0.0031881188042461,0.2510643601417541,2,0,2,0.0,0.0,0.0,0,0,0,0.0,0,0,0,0,0,0,0,0,
86,2021-11-02 14:06:35 -0600,1,1,86,0,0,0,0,0,0,85,0,0,0,0,0,0,2,78,9,0,2,0,0,65,0,1,29.28982925415039,29.78164291381836,30.066822052001957,29.08304214477539,29.393287658691406,28.92806434631348,0.1107871308922767,0.0510099008679389,0.0023910892195999,0.2662079334259033,2,0,2,0.0,0.0,0.0,0,0,0,0.0,0,0,0,0,0,0,0,0,
87,2021-11-02 14:06:40 -0600,1,1,87,0,0,0,0,0,0,85,0,0,0,0,0,0,2,111,9,0,2,0,0,65,0,1,29.44503402709961,29.755733489990234,30.274429321289062,29.1088809967041,29.496789932250977,28.92806434631348,0.1036138609051704,0.0302871279418468,0.0023910892195999,0.1880990117788314,2,0,2,0.0,0.0,0.0,0,0,0,0.0,0,0,0,0,0,0,0,0,
88,2021-11-02 14:06:45 -0600,1,1,88,0,0,0,0,0,0,85,0,0,0,0,0,0,2,237,9,0,2,0,0,65,0,1,29.393287658691406,29.78164291381836,30.01494598388672,29.238117218017575,29.44503402709961,29.1088809967041,0.1243366301059722,0.0302871279418468,0.0023910892195999,0.2917128801345825,2,0,2,0.0,0.0,0.0,0,0,0,0.0,0,0,0,0,0,0,0,0,
89,2021-11-02 14:06:50 -0600,1,1,89,0,0,0,0,0,0,85,0,0,0,0,0,0,2,44,9,0,2,0,0,65,0,1,29.393287658691406,29.755733489990234,30.170604705810547,29.134721755981445,29.54855728149414,28.979711532592773,0.1346980184316635,0.0270990096032619,0.0031881188042461,0.3483019769191742,2,0,2,0.0,0.0,0.0,0,0,0,0.0,0,0,0,0,0,0,0,0,
90,2021-11-02 14:06:55 -0600,1,1,90,0,0,0,0,0,0,85,0,0,0,0,0,0,2,99,9,0,2,0,0,65,0,1,29.238117218017575,29.88530540466309,30.040882110595703,29.08304214477539,29.52267265319824,28.979711532592773,0.1251336634159088,0.0167376231402158,0.0023910892195999,0.2709901034832001,2,0,2,0.0,0.0,0.0,0,0,0,0.0,0,0,0,0,0,0,0,0,
91,2021-11-02 14:07:00 -0600,1,1,91,0,0,0,0,0,0,85,0,0,0,0,0,0,2,91,9,0,2,0,0,65,0,1,29.341552734375,29.88530540466309,30.170604705810547,29.057205200195312,29.52267265319824,28.876426696777344,0.0908613875508308,0.0382574275135993,0.001594059402123,0.1633910834789276,2,0,2,0.0,0.0,0.0,0,0,0,0.0,0,0,0,0,0,0,0,0,
92,2021-11-02 14:07:05 -0600,1,1,92,0,0,0,0,0,0,85,0,0,0,0,0,0,2,51,9,0,2,0,0,65,0,1,29.28982925415039,30.01494598388672,30.040882110595703,29.1088809967041,29.52267265319824,29.00554084777832,0.101222775876522,0.0510099008679389,0.0023910892195999,0.2088217884302139,2,0,2,0.0,0.0,0.0,0,0,0,0.0,0,0,0,0,0,0,0,0,
93,2021-11-02 14:07:10 -0600,1,1,93,0,0,0,0,0,0,85,0,0,0,0,0,0,2,64,9,0,2,0,0,65,0,1,29.31569099426269,29.80755424499512,30.11870765686035,29.134721755981445,29.54855728149414,29.134721755981445,0.1115841567516326,0.0334752462804317,0.0023910892195999,0.1354950517416,2,0,2,0.0,0.0,0.0,0,0,0,0.0,0,0,0,0,0,0,0,0,
94,2021-11-02 14:07:15 -0600,1,1,94,0,0,0,0,0,0,85,0,0,0,0,0,0,2,185,9,0,2,0,0,65,0,1,29.419158935546875,29.91122817993164,30.274429321289062,29.1088809967041,29.52267265319824,29.00554084777832,0.1370891034603119,0.0039851483888924,0.0023910892195999,0.2781633734703064,2,0,2,0.0,0.0,0.0,0,0,0,0.0,0,0,0,0,0,0,0,0,
95,2021-11-02 14:07:20 -0600,1,1,95,0,0,0,0,0,0,85,0,0,0,0,0,0,2,131,9,0,2,0,0,65,0,1,29.470911026000977,30.11870765686035,30.196556091308597,29.31569099426269,29.393287658691406,29.00554084777832,0.1147722750902175,0.0231138616800308,0.0023910892195999,0.2295445501804351,2,0,2,0.0,0.0,0.0,0,0,0,0.0,0,0,0,0,0,0,0,0,
96,2021-11-02 14:07:25 -0600,1,1,96,0,0,0,0,0,0,85,0,0,0,0,0,0,2,32,9,0,2,0,0,65,0,1,29.470911026000977,29.989011764526367,30.24846839904785,29.212263107299805,29.62622833251953,29.212263107299805,0.1179603934288024,0.0247079208493232,0.0023910892195999,0.2630198001861572,2,0,2,0.0,0.0,0.0,0,0,0,0.0,0,0,0,0,0,0,0,0,
97,2021-11-02 14:07:30 -0600,1,1,97,0,0,0,0,0,0,85,0,0,0,0,0,0,2,167,9,0,2,0,0,65,0,1,29.83346939086914,29.937152862548828,30.300392150878903,29.057205200195312,29.52267265319824,29.0313720703125,0.0980346500873565,0.0167376231402158,0.0023910892195999,0.2438910901546478,2,0,2,0.0,0.0,0.0,0,0,0,0.0,0,0,0,0,0,0,0,0,
98,2021-11-02 14:07:35 -0600,1,1,98,0,0,0,0,0,0,85,0,0,0,0,0,0,2,110,9,0,2,0,0,65,0,1,29.470911026000977,29.88530540466309,30.01494598388672,29.26397132873535,29.60033416748047,29.057205200195312,0.1171633675694465,0.0223168320953845,0.0023910892195999,0.1617970317602157,2,0,2,0.0,0.0,0.0,0,0,0,0.0,0,0,0,0,0,0,0,0,
99,2021-11-02 14:07:40 -0600,1,1,99,0,0,0,0,0,0,85,0,0,0,0,0,0,2,121,9,0,2,0,0,65,0,1,29.574443817138672,29.937152862548828,30.040882110595703,29.238117218017575,29.678022384643555,29.134721755981445,0.1083960384130477,0.0430396050214767,0.0023910892195999,0.2614257335662842,2,0,2,0.0,0.0,0.0,0,0,0,0.0,0,0,0,0,0,0,0,0,
100,2021-11-02 14:07:45 -0600,1,1,100,0,0,0,0,0,0,85,0,0,0,0,0,0,2,150,9,0,2,0,0,65,0,1,29.60033416748047,30.066822052001957,30.24846839904785,29.16056632995605,29.470911026000977,29.08304214477539,0.1155693084001541,0.0342722758650779,0.0023910892195999,0.1538267284631729,2,0,2,0.0,0.0,0.0,0,0,0,0.0,0,0,0,0,0,0,0,0,
101,2021-11-02 14:07:50 -0600,1,1,101,0,0,0,0,0,0,85,0,0,0,0,0,0,2,58,9,0,2,0,0,65,0,1,29.419158935546875,30.1446533203125,30.196556091308597,29.26397132873535,29.62622833251953,29.00554084777832,0.099628709256649,0.0223168320953845,0.0031881188042461,0.1745495051145553,2,0,2,0.0,0.0,0.0,0,0,0,0.0,0,0,0,0,0,0,0,0,
102,2021-11-02 14:07:55 -0600,1,1,102,0,0,0,0,0,0,85,0,0,0,0,0,0,2,217,9,0,2,0,0,65,0,1,29.419158935546875,29.937152862548828,30.35232734680176,29.26397132873535,29.62622833251953,29.16056632995605,0.118757426738739,0.0286930687725543,0.0023910892195999,0.2438910901546478,2,0,2,0.0,0.0,0.0,0,0,0,0.0,0,0,0,0,0,0,0,0,
103,2021-11-02 14:08:00 -0600,1,1,103,0,0,0,0,0,0,85,0,0,0,0,0,0,2,224,9,0,2,0,0,65,0,1,29.652122497558597,29.96308135986328,30.170604705810547,29.367420196533203,29.729825973510746,29.16056632995605,0.118757426738739,0.0263019800186157,0.0023910892195999,0.2893217802047729,2,0,2,0.0,0.0,0.0,0,0,0,0.0,0,0,0,0,0,0,0,0,
104,2021-11-02 14:08:05 -0600,1,1,104,0,0,0,0,0,0,85,0,0,0,0,0,0,2,135,9,0,2,0,0,65,0,1,29.574443817138672,30.222511291503903,30.300392150878903,29.341552734375,29.937152862548828,29.1088809967041,0.118757426738739,0.0326782166957855,0.0023910892195999,0.2877277135848999,2,0,2,0.0,0.0,0.0,0,0,0,0.0,0,0,0,0,0,0,0,0,
105,2021-11-02 14:08:10 -0600,1,1,105,0,0,0,0,0,0,85,0,0,0,0,0,0,2,152,9,0,2,0,0,65,0,1,29.54855728149414,29.937152862548828,30.274429321289062,29.212263107299805,29.70392227172852,29.1088809967041,0.1060049533843994,0.0263019800186157,0.0023910892195999,0.1865049451589584,2,0,2,0.0,0.0,0.0,0,0,0,0.0,0,0,0,0,0,0,0,0,
106,2021-11-02 14:08:15 -0600,1,1,106,0,0,0,0,0,0,85,0,0,0,0,0,0,2,189,9,0,2,0,0,65,0,1,29.470911026000977,30.066822052001957,30.222511291503903,29.470911026000977,29.652122497558597,29.238117218017575,0.0884702950716018,0.0127524752169847,0.001594059402123,0.3275792002677917,2,0,2,0.0,0.0,0.0,0,0,0,0.0,0,0,0,0,0,0,0,0,
107,2021-11-02 14:08:20 -0600,1,1,107,0,0,0,0,0,0,85,0,0,0,0,0,0,2,136,9,0,2,0,0,65,0,1,29.652122497558597,30.24846839904785,30.326358795166016,29.238117218017575,29.70392227172852,29.16056632995605,0.1323069334030151,0.0358663350343704,0.0023910892195999,0.2861336767673492,2,0,2,0.0,0.0,0.0,0,0,0,0.0,0,0,0,0,0,0,0,0,
108,2021-11-02 14:08:25 -0600,1,1,108,0,0,0,0,0,0,85,0,0,0,0,0,0,2,62,9,0,2,0,0,65,0,1,29.574443817138672,30.222511291503903,30.274429321289062,29.393287658691406,29.78164291381836,29.0313720703125,0.1036138609051704,0.0175346527248621,0.0023910892195999,0.1809257417917251,2,0,2,0.0,0.0,0.0,0,0,0,0.0,0,0,0,0,0,0,0,0,
109,2021-11-02 14:08:30 -0600,1,1,109,0,0,0,0,0,0,85,0,0,0,0,0,0,2,205,9,0,2,0,0,65,0,1,29.678022384643555,30.1446533203125,30.35232734680176,29.31569099426269,29.755733489990234,29.238117218017575,0.1091930717229843,0.0199257433414459,0.0023910892195999,0.3467079102993011,2,0,2,0.0,0.0,0.0,0,0,0,0.0,0,0,0,0,0,0,0,0,
110,2021-11-02 14:08:35 -0600,1,1,110,0,0,0,0,0,0,85,0,0,0,0,0,0,2,44,9,0,2,0,0,65,0,1,29.574443817138672,29.96308135986328,30.300392150878903,29.52267265319824,29.755733489990234,29.18641471862793,0.1211485117673873,0.0207227729260921,0.0023910892195999,0.2032425701618194,2,0,2,0.0,0.0,0.0,0,0,0,0.0,0,0,0,0,0,0,0,0,
111,2021-11-02 14:08:40 -0600,1,1,111,0,0,0,0,0,0,85,0,0,0,0,0,0,2,116,9,0,2,0,0,65,0,1,29.574443817138672,30.040882110595703,30.45623016357422,29.31569099426269,29.80755424499512,29.134721755981445,0.1251336634159088,0.0247079208493232,0.0023910892195999,0.1944752484560012,2,0,2,0.0,0.0,0.0,0,0,0,0.0,0,0,0,0,0,0,0,0,
112,2021-11-02 14:08:45 -0600,1,1,112,0,0,0,0,0,0,85,0,0,0,0,0,0,2,30,9,0,2,0,0,65,0,1,29.78164291381836,30.170604705810547,30.326358795166016,29.31569099426269,29.729825973510746,29.238117218017575,0.0972376242280006,0.0302871279418468,0.0023910892195999,0.2016485184431076,2,0,2,0.0,0.0,0.0,0,0,0,0.0,0,0,0,0,0,0,0,0,
113,2021-11-02 14:08:50 -0600,1,1,113,0,0,0,0,0,0,85,0,0,0,0,0,0,2,49,9,0,2,0,0,65,0,1,29.678022384643555,29.91122817993164,30.404273986816406,29.31569099426269,29.88530540466309,29.341552734375,0.1243366301059722,0.0255049504339694,0.0031881188042461,0.3132326602935791,2,0,2,0.0,0.0,0.0,0,0,0,0.0,0,0,0,0,0,0,0,0,
114,2021-11-02 14:08:55 -0600,1,1,114,0,0,0,0,0,0,85,0,0,0,0,0,0,2,110,9,0,2,0,0,65,0,1,29.574443817138672,30.196556091308597,30.48221206665039,29.54855728149414,29.8593864440918,29.212263107299805,0.1283217817544937,0.0183316823095083,0.0023910892195999,0.188896045088768,2,0,2,0.0,0.0,0.0,0,0,0,0.0,0,0,0,0,0,0,0,0,
115,2021-11-02 14:09:00 -0600,1,1,115,0,0,0,0,0,0,85,0,0,0,0,0,0,2,237,9,0,2,0,0,65,0,1,29.574443817138672,30.24846839904785,30.508195877075195,29.419158935546875,29.83346939086914,29.26397132873535,0.1243366301059722,0.0263019800186157,0.001594059402123,0.2566435635089874,2,0,2,0.0,0.0,0.0,0,0,0,0.0,0,0,0,0,0,0,0,0,
116,2021-11-02 14:09:05 -0600,1,1,116,0,0,0,0,0,0,85,0,0,0,0,0,0,2,65,9,0,2,0,0,65,0,1,29.729825973510746,30.092761993408203,30.45623016357422,29.31569099426269,29.8593864440918,29.212263107299805,0.1259306967258453,0.031084157526493,0.0023910892195999,0.1665792018175125,2,0,2,0.0,0.0,0.0,0,0,0,0.0,0,0,0,0,0,0,0,0,
117,2021-11-02 14:09:10 -0600,1,1,117,0,0,0,0,0,0,85,0,0,0,0,0,0,2,131,9,0,2,0,0,65,0,1,29.729825973510746,30.066822052001957,30.35232734680176,29.367420196533203,29.96308135986328,29.341552734375,0.1131782159209251,0.031084157526493,0.0023910892195999,0.1833168268203735,2,0,2,0.0,0.0,0.0,0,0,0,0.0,0,0,0,0,0,0,0,0,
118,2021-11-02 14:09:15 -0600,1,1,118,0,0,0,0,0,0,85,0,0,0,0,0,0,2,225,9,0,2,0,0,65,0,1,29.678022384643555,30.43025016784668,30.5601749420166,29.574443817138672,29.88530540466309,29.31569099426269,0.1291188150644302,0.0390544570982456,0.0031881188042461,0.1657821834087371,2,0,2,0.0,0.0,0.0,0,0,0,0.0,0,0,0,0,0,0,0,0,
119,2021-11-02 14:09:20 -0600,1,1,119,0,0,0,0,0,0,85,0,0,0,0,0,0,2,189,9,0,2,0,0,65,0,1,29.80755424499512,30.35232734680176,30.37829971313477,29.496789932250977,29.8593864440918,29.341552734375,0.1155693084001541,0.0334752462804317,0.0023910892195999,0.2749752402305603,2,0,2,0.0,0.0,0.0,0,0,0,0.0,0,0,0,0,0,0,0,0,
120,2021-11-02 14:09:25 -0600,1,1,120,0,0,0,0,0,0,85,0,0,0,0,0,0,2,178,9,0,2,0,0,65,0,1,29.80755424499512,30.274429321289062,30.58616828918457,29.496789932250977,29.83346939086914,29.28982925415039,0.1299158483743667,0.0255049504339694,0.0023910892195999,0.3108415901660919,2,0,2,0.0,0.0,0.0,0,0,0,0.0,0,0,0,0,0,0,0,0,
121,2021-11-02 14:09:30 -0600,1,1,121,0,0,0,0,0,0,85,0,0,0,0,0,0,2,222,9,0,2,0,0,65,0,1,29.80755424499512,30.11870765686035,30.48221206665039,29.44503402709961,29.96308135986328,29.212263107299805,0.1036138609051704,0.0231138616800308,0.0023910892195999,0.2343267351388931,2,0,2,0.0,0.0,0.0,0,0,0,0.0,0,0,0,0,0,0,0,0,
122,2021-11-02 14:09:35 -0600,1,1,122,0,0,0,0,0,0,85,0,0,0,0,0,0,2,54,9,0,2,0,0,65,0,1,29.78164291381836,30.274429321289062,30.63816261291504,29.52267265319824,30.01494598388672,29.31569099426269,0.1115841567516326,0.0470247529447078,0.0023910892195999,0.2685990035533905,2,0,2,0.0,0.0,0.0,0,0,0,0.0,0,0,0,0,0,0,0,0,
123,2021-11-02 14:09:40 -0600,1,1,123,0,0,0,0,0,0,85,0,0,0,0,0,0,2,247,9,0,2,0,0,65,0,1,29.78164291381836,30.37829971313477,30.58616828918457,29.755733489990234,29.96308135986328,29.574443817138672,0.1299158483743667,0.0278960391879081,0.0031881188042461,0.3124356567859649,2,0,2,0.0,0.0,0.0,0,0,0,0.0,0,0,0,0,0,0,0,0,
124,2021-11-02 14:09:45 -0600,1,1,124,0,0,0,0,0,0,85,0,0,0,0,0,0,2,76,9,0,2,0,0,65,0,1,29.80755424499512,30.274429321289062,30.66416358947754,29.62622833251953,30.01494598388672,29.367420196533203,0.1091930717229843,0.0422425754368305,0.0023910892195999,0.4080792069435119,2,0,2,0.0,0.0,0.0,0,0,0,0.0,0,0,0,0,0,0,0,0,
125,2021-11-02 14:09:50 -0600,1,1,125,0,0,0,0,0,0,85,0,0,0,0,0,0,2,233,9,0,2,0,0,65,0,1,29.80755424499512,30.274429321289062,30.58616828918457,29.574443817138672,30.01494598388672,29.238117218017575,0.1219455450773239,0.0294900983572006,0.0023910892195999,0.1538267284631729,2,0,2,0.0,0.0,0.0,0,0,0,0.0,0,0,0,0,0,0,0,0,
126,2021-11-02 14:09:55 -0600,1,1,126,0,0,0,0,0,0,85,0,0,0,0,0,0,2,223,9,0,2,0,0,65,0,1,29.83346939086914,30.326358795166016,30.45623016357422,29.574443817138672,29.937152862548828,29.28982925415039,0.1091930717229843,0.023910891264677,0.001594059402123,0.1721584200859069,2,0,2,0.0,0.0,0.0,0,0,0,0.0,0,0,0,0,0,0,0,0,
127,2021-11-02 14:10:00 -0600,1,1,127,0,0,0,0,0,0,85,0,0,0,0,0,0,2,46,9,0,2,0,0,65,0,1,29.8593864440918,30.37829971313477,30.43025016784668,29.678022384643555,29.8593864440918,29.367420196533203,0.1020198017358779,0.0167376231402158,0.0023910892195999,0.3754009902477264,2,0,2,0.0,0.0,0.0,0,0,0,0.0,0,0,0,0,0,0,0,0,
128,2021-11-02 14:10:05 -0600,1,1,128,0,0,0,0,0,0,85,0,0,0,0,0,0,2,6,9,0,2,0,0,65,0,1,29.70392227172852,30.508195877075195,30.716175079345703,29.44503402709961,30.066822052001957,29.31569099426269,0.1291188150644302,0.0446336641907691,0.0023910892195999,0.2430940568447113,2,0,2,0.0,0.0,0.0,0,0,0,0.0,0,0,0,0,0,0,0,0,
129,2021-11-02 14:10:10 -0600,1,1,129,0,0,0,0,0,0,85,0,0,0,0,0,0,2,119,9,0,2,0,0,65,0,1,29.96308135986328,30.35232734680176,30.61216354370117,29.419158935546875,30.066822052001957,29.28982925415039,0.0860792100429534,0.0350693054497242,0.0023910892195999,0.3475049436092376,2,0,2,0.0,0.0,0.0,0,0,0,0.0,0,0,0,0,0,0,0,0,
130,2021-11-02 14:10:15 -0600,1,1,130,0,0,0,0,0,0,85,0,0,0,0,0,0,2,104,9,0,2,0,0,65,0,1,29.88530540466309,30.45623016357422,30.58616828918457,29.470911026000977,30.066822052001957,29.0313720703125,0.1155693084001541,0.0637623742222786,0.0023910892195999,0.2319356501102447,2,0,2,0.0,0.0,0.0,0,0,0,0.0,0,0,0,0,0,0,0,0,
131,2021-11-02 14:10:20 -0600,1,1,131,0,0,0,0,0,0,85,0,0,0,0,0,0,2,172,9,0,2,0,0,65,0,1,29.80755424499512,30.43025016784668,30.5601749420166,29.62622833251953,30.040882110595703,29.44503402709961,0.1291188150644302,0.047821782529354,0.001594059402123,0.1777376234531402,2,0,2,0.0,0.0,0.0,0,0,0,0.0,0,0,0,0,0,0,0,0,
132,2021-11-02 14:10:25 -0600,1,1,132,0,0,0,0,0,0,85,0,0,0,0,0,0,2,213,9,0,2,0,0,65,0,1,29.91122817993164,30.45623016357422,30.690168380737305,29.62622833251953,30.1446533203125,29.419158935546875,0.0924554467201232,0.0366633646190166,0.0023910892195999,0.2351237684488296,2,0,2,0.0,0.0,0.0,0,0,0,0.0,0,0,0,0,0,0,0,0,
133,2021-11-02 14:10:30 -0600,1,1,133,0,0,0,0,0,0,85,0,0,0,0,0,0,2,41,9,0,2,0,0,65,0,1,29.88530540466309,30.404273986816406,30.66416358947754,29.729825973510746,29.91122817993164,29.31569099426269,0.1227425709366798,0.0143465343862771,0.0023910892195999,0.301277220249176,2,0,2,0.0,0.0,0.0,0,0,0,0.0,0,0,0,0,0,0,0,0,
134,2021-11-02 14:10:35 -0600,1,1,134,0,0,0,0,0,0,85,0,0,0,0,0,0,2,21,9,0,2,0,0,65,0,1,29.91122817993164,30.5601749420166,30.61216354370117,29.70392227172852,30.170604705810547,29.44503402709961,0.1283217817544937,0.0286930687725543,0.0023910892195999,0.3235940635204315,2,0,2,0.0,0.0,0.0,0,0,0,0.0,0,0,0,0,0,0,0,0,
135,2021-11-02 14:10:40 -0600,1,1,135,0,0,0,0,0,0,85,0,0,0,0,0,0,2,134,9,0,2,0,0,65,0,1,30.01494598388672,30.35232734680176,30.74218368530273,29.62622833251953,30.092761993408203,29.52267265319824,0.1315099000930786,0.0414455458521842,0.0023910892195999,0.215995043516159,2,0,2,0.0,0.0,0.0,0,0,0,0.0,0,0,0,0,0,0,0,0,
136,2021-11-02 14:10:45 -0600,1,1,136,0,0,0,0,0,0,85,0,0,0,0,0,0,2,215,9,0,2,0,0,65,0,1,29.937152862548828,30.48221206665039,30.5601749420166,29.652122497558597,30.066822052001957,29.496789932250977,0.1155693084001541,0.0175346527248621,0.0023910892195999,0.2422970235347747,2,0,2,0.0,0.0,0.0,0,0,0,0.0,0,0,0,0,0,0,0,0,
137,2021-11-02 14:10:50 -0600,1,1,137,0,0,0,0,0,0,85,0,0,0,0,0,0,2,226,9,0,2,0,0,65,0,1,29.937152862548828,30.274429321289062,30.74218368530273,29.62622833251953,30.1446533203125,29.238117218017575,0.1107871308922767,0.047821782529354,0.0023910892195999,0.2861336767673492,2,0,2,0.0,0.0,0.0,0,0,0,0.0,0,0,0,0,0,0,0,0,
138,2021-11-02 14:10:55 -0600,1,1,138,0,0,0,0,0,0,85,0,0,0,0,0,0,2,139,9,0,2,0,0,65,0,1,29.729825973510746,30.45623016357422,30.63816261291504,29.78164291381836,30.1446533203125,29.393287658691406,0.1075990125536918,0.0502128712832927,0.0023910892195999,0.2319356501102447,2,0,2,0.0,0.0,0.0,0,0,0,0.0,0,0,0,0,0,0,0,0,
139,2021-11-02 14:11:00 -0600,1,1,139,0,0,0,0,0,0,85,0,0,0,0,0,0,2,63,9,0,2,0,0,65,0,1,29.937152862548828,30.48221206665039,30.690168380737305,29.652122497558597,30.274429321289062,29.44503402709961,0.1410742551088333,0.0342722758650779,0.0023910892195999,0.2454851418733596,2,0,2,0.0,0.0,0.0,0,0,0,0.0,0,0,0,0,0,0,0,0,
140,2021-11-02 14:11:05 -0600,1,1,140,0,0,0,0,0,0,85,0,0,0,0,0,0,2,17,9,0,2,0,0,65,0,1,29.937152862548828,30.508195877075195,30.76819610595703,29.80755424499512,29.83346939086914,29.54855728149414,0.1115841567516326,0.0382574275135993,0.0023910892195999,0.1745495051145553,2,0,2,0.0,0.0,0.0,0,0,0,0.0,0,0,0,0,0,0,0,0,
141,2021-11-02 14:11:10 -0600,1,1,141,0,0,0,0,0,0,85,0,0,0,0,0,0,2,148,9,0,2,0,0,65,0,1,29.989011764526367,30.508195877075195,30.82022857666016,29.62622833251953,29.989011764526367,29.52267265319824,0.101222775876522,0.0486188121140003,0.0023910892195999,0.2901188135147095,2,0,2,0.0,0.0,0.0,0,0,0,0.0,0,0,0,0,0,0,0,0,
142,2021-11-02 14:11:56 -0600,1,1,0,0,0,0,0,0,0,85,0,0,0,0,0,0,2,22,9,0,2,0,0,65,0,1,30.01494598388672,30.61216354370117,30.690168380737305,29.88530540466309,30.222511291503903,29.496789932250977,0.1139752492308616,0.0294900983572006,0.0023910892195999,0.3857623636722564,2,0,2,0.0,0.0,0.0,0,0,0,0.0,0,0,0,0,0,0,0,0,
143,2021-11-02 14:12:01 -0600,1,1,1,0,0,0,0,0,0,85,0,0,0,0,0,0,2,18,9,0,2,0,0,65,0,1,30.170604705810547,31.05450820922852,30.63816261291504,29.80755424499512,30.11870765686035,29.574443817138672,0.1331039667129516,0.0390544570982456,0.0023910892195999,0.2215742617845535,2,0,2,0.0,0.0,0.0,0,0,0,0.0,0,0,0,0,0,0,0,0,
144,2021-11-02 14:12:06 -0600,1,1,2,0,0,0,0,0,0,85,0,0,0,0,0,0,2,140,9,0,2,0,0,65,0,1,30.092761993408203,30.5601749420166,30.61216354370117,29.91122817993164,30.326358795166016,29.755733489990234,0.1346980184316635,0.0263019800186157,0.0023910892195999,0.3020742535591125,2,0,2,0.0,0.0,0.0,0,0,0,0.0,0,0,0,0,0,0,0,0,
145,2021-11-02 14:12:11 -0600,1,1,3,0,0,0,0,0,0,85,0,0,0,0,0,0,2,93,9,0,2,0,0,65,0,1,30.170604705810547,30.63816261291504,30.48221206665039,29.80755424499512,30.274429321289062,29.54855728149414,0.1155693084001541,0.0510099008679389,0.0023910892195999,0.1952722817659378,2,0,2,0.0,0.0,0.0,0,0,0,0.0,0,0,0,0,0,0,0,0,
146,2021-11-02 14:12:16 -0600,1,1,4,0,0,0,0,0,0,85,0,0,0,0,0,0,2,157,9,0,2,0,0,65,0,1,30.11870765686035,30.82022857666016,30.58616828918457,29.91122817993164,30.404273986816406,29.652122497558597,0.1609999984502792,0.0286930687725543,0.0023910892195999,0.3642425835132599,2,0,2,0.0,0.0,0.0,0,0,0,0.0,0,0,0,0,0,0,0,0,
147,2021-11-02 14:12:20 -0600,1,1,5,0,0,0,0,0,15,85,0,0,0,0,0,0,2,90,9,0,2,0,0,65,0,1,30.11870765686035,30.690168380737305,30.5601749420166,29.96308135986328,30.404273986816406,29.62622833251953,0.1291188150644302,0.0374603942036628,0.0023910892195999,0.2885247468948364,2,0,2,0.0,0.0,0.0,0,0,0,0.0,0,0,0,0,0,0,0,0,
148,2021-11-02 14:12:25 -0600,1,1,6,0,0,0,0,0,15,85,0,0,0,0,0,0,2,246,9,0,2,0,0,65,0,1,30.092761993408203,30.76819610595703,30.66416358947754,30.040882110595703,30.326358795166016,29.652122497558597,0.1083960384130477,0.0278960391879081,0.0023910892195999,0.1976633667945861,2,0,2,0.0,0.0,0.0,0,0,0,0.0,0,0,0,0,0,0,0,0,
149,2021-11-02 14:12:30 -0600,1,1,7,0,0,0,0,0,15,85,0,0,0,0,0,0,2,132,9,0,2,0,0,65,0,1,30.222511291503903,30.74218368530273,30.716175079345703,30.092761993408203,30.35232734680176,29.70392227172852,0.0940495058894157,0.0199257433414459,0.0023910892195999,0.2518613934516907,2,0,2,0.0,0.0,0.0,0,0,0,0.0,0,0,0,0,0,0,0,0,
150,2021-11-02 14:12:35 -0600,1,1,8,0,0,0,0,0,15,85,0,0,0,0,0,0,2,204,9,0,2,0,0,65,0,1,30.37829971313477,30.63816261291504,30.690168380737305,29.88530540466309,30.45623016357422,29.652122497558597,0.1083960384130477,0.0494158416986465,0.001594059402123,0.1920841634273529,2,0,2,0.0,0.0,0.0,0,0,0,0.0,0,0,0,0,0,0,0,0,
151,2021-11-02 14:12:40 -0600,1,1,9,0,0,0,0,0,15,85,0,0,0,0,0,0,2,154,9,0,2,0,0,65,0,1,30.1446533203125,30.82022857666016,30.58616828918457,29.78164291381836,30.35232734680176,29.652122497558597,0.1155693084001541,0.023910891264677,0.001594059402123,0.1745495051145553,2,0,2,0.0,0.0,0.0,0,0,0,0.0,0,0,0,0,0,0,0,0,
152,2021-11-02 14:12:45 -0600,1,1,10,0,0,0,0,0,15,85,0,0,0,0,0,0,2,228,9,0,2,0,0,65,0,1,30.24846839904785,30.79421043395996,30.690168380737305,30.040882110595703,30.43025016784668,29.729825973510746,0.1402772217988968,0.0278960391879081,0.001594059402123,0.3028712868690491,2,0,2,0.0,0.0,0.0,0,0,0,0.0,0,0,0,0,0,0,0,0,
153,2021-11-02 14:12:50 -0600,1,1,11,0,0,0,0,0,15,85,0,0,0,0,0,0,2,107,9,0,2,0,0,65,0,1,30.37829971313477,30.82022857666016,30.66416358947754,29.96308135986328,30.404273986816406,29.652122497558597,0.1275247484445572,0.0358663350343704,0.0023910892195999,0.1649851500988006,2,0,2,0.0,0.0,0.0,0,0,0,0.0,0,0,0,0,0,0,0,0,
154,2021-11-02 14:12:55 -0600,1,1,12,0,0,0,0,0,15,85,0,0,0,0,0,0,2,159,9,0,2,0,0,65,0,1,30.196556091308597,30.76819610595703,30.82022857666016,30.01494598388672,30.43025016784668,29.8593864440918,0.099628709256649,0.0518069304525852,0.0023910892195999,0.2215742617845535,2,0,2,0.0,0.0,0.0,0,0,0,0.0,0,0,0,0,0,0,0,0,
155,2021-11-02 14:13:00 -0600,1,1,13,0,0,0,0,0,15,85,0,0,0,0,0,0,2,206,9,0,2,0,0,65,0,1,30.24846839904785,30.534183502197266,30.872270584106445,29.96308135986328,30.43025016784668,29.80755424499512,0.1052079200744628,0.047821782529354,0.0023910892195999,0.237514853477478,2,0,2,0.0,0.0,0.0,0,0,0,0.0,0,0,0,0,0,0,0,0,
156,2021-11-02 14:13:06 -0600,1,1,14,0,0,0,0,0,15,85,0,0,0,0,0,0,2,102,9,0,2,0,0,65,0,1,30.24846839904785,30.846248626708984,30.846248626708984,30.040882110595703,30.48221206665039,29.70392227172852,0.1235396042466163,0.0231138616800308,0.0023910892195999,0.1785346567630767,2,0,2,0.0,0.0,0.0,0,0,0,0.0,0,0,0,0,0,0,0,0,
157,2021-11-02 14:13:11 -0600,1,1,15,0,0,0,0,0,15,85,0,0,0,0,0,0,2,74,9,0,2,0,0,65,0,1,30.274429321289062,30.76819610595703,30.79421043395996,29.96308135986328,30.43025016784668,29.80755424499512,0.1155693084001541,0.0414455458521842,0.0023910892195999,0.1920841634273529,2,0,2,0.0,0.0,0.0,0,0,0,0.0,0,0,0,0,0,0,0,0,
158,2021-11-02 14:13:15 -0600,1,1,16,0,0,0,0,0,15,85,0,0,0,0,0,0,2,253,9,0,2,0,0,65,0,1,30.300392150878903,30.66416358947754,30.95035743713379,30.092761993408203,30.5601749420166,29.78164291381836,0.1227425709366798,0.0446336641907691,0.0023910892195999,0.2016485184431076,2,0,2,0.0,0.0,0.0,0,0,0,0.0,0,0,0,0,0,0,0,0,
159,2021-11-02 14:13:20 -0600,1,1,17,0,0,0,0,0,15,85,0,0,0,0,0,0,2,193,9,0,2,0,0,65,0,1,30.326358795166016,30.79421043395996,30.95035743713379,30.066822052001957,30.534183502197266,29.78164291381836,0.1068019792437553,0.0398514866828918,0.0023910892195999,0.3530841469764709,2,0,2,0.0,0.0,0.0,0,0,0,0.0,0,0,0,0,0,0,0,0,
160,2021-11-02 14:13:26 -0600,1,1,18,0,0,0,0,0,15,85,0,0,0,0,0,0,2,206,9,0,2,0,0,65,0,1,30.274429321289062,30.872270584106445,30.95035743713379,30.040882110595703,30.35232734680176,29.70392227172852,0.098831683397293,0.0685445517301559,0.0023910892195999,0.1665792018175125,2,0,2,0.0,0.0,0.0,0,0,0,0.0,0,0,0,0,0,0,0,0,
161,2021-11-02 14:13:30 -0600,1,1,19,0,0,0,0,0,15,85,0,0,0,0,0,0,2,242,9,0,2,0,0,65,0,1,30.092761993408203,30.872270584106445,30.924325942993164,30.040882110595703,30.534183502197266,29.80755424499512,0.1227425709366798,0.0278960391879081,0.0023910892195999,0.2383118867874145,2,0,2,0.0,0.0,0.0,0,0,0,0.0,0,0,0,0,0,0,0,0,
162,2021-11-02 14:13:35 -0600,1,1,20,0,0,0,0,0,15,85,0,0,0,0,0,0,2,240,9,0,2,0,0,65,0,1,30.300392150878903,30.79421043395996,30.976390838623047,30.01494598388672,30.48221206665039,29.80755424499512,0.1171633675694465,0.0278960391879081,0.0023910892195999,0.2128069251775741,2,0,2,0.0,0.0,0.0,0,0,0,0.0,0,0,0,0,0,0,0,0,
163,2021-11-02 14:13:41 -0600,1,1,21,0,0,0,0,0,15,85,0,0,0,0,0,0,2,10,9,0,2,0,0,65,0,1,30.37829971313477,30.89829635620117,31.106599807739254,30.040882110595703,30.534183502197266,29.83346939086914,0.1394802033901214,0.0255049504339694,0.0023910892195999,0.1960693001747131,2,0,2,0.0,0.0,0.0,0,0,0,0.0,0,0,0,0,0,0,0,0,
164,2021-11-02 14:13:45 -0600,1,1,22,0,0,0,0,0,15,85,0,0,0,0,0,0,2,191,9,0,2,0,0,65,0,1,30.37829971313477,30.872270584106445,31.08055305480957,30.092761993408203,30.508195877075195,29.80755424499512,0.1235396042466163,0.0294900983572006,0.0023910892195999,0.1944752484560012,2,0,2,0.0,0.0,0.0,0,0,0,0.0,0,0,0,0,0,0,0,0,
165,2021-11-02 14:13:50 -0600,1,1,23,0,0,0,0,0,15,85,0,0,0,0,0,0,2,169,9,0,2,0,0,65,0,1,30.37829971313477,30.872270584106445,31.05450820922852,30.11870765686035,30.274429321289062,29.937152862548828,0.1179603934288024,0.0486188121140003,0.0023910892195999,0.1562178283929824,2,0,2,0.0,0.0,0.0,0,0,0,0.0,0,0,0,0,0,0,0,0,
166,2021-11-02 14:13:56 -0600,1,1,24,0,0,0,0,0,15,85,0,0,0,0,0,0,2,75,9,0,2,0,0,65,0,1,30.35232734680176,30.976390838623047,30.976390838623047,30.11870765686035,30.534183502197266,29.8593864440918,0.1211485117673873,0.0462277233600616,0.0023910892195999,0.1753465384244918,2,0,2,0.0,0.0,0.0,0,0,0,0.0,0,0,0,0,0,0,0,0,
167,2021-11-02 14:14:01 -0600,1,1,25,0,0,0,0,0,15,85,0,0,0,0,0,0,2,171,9,0,2,0,0,65,0,1,30.24846839904785,30.872270584106445,30.976390838623047,30.1446533203125,30.48221206665039,29.83346939086914,0.1211485117673873,0.0318811871111393,0.0023910892195999,0.1546237617731094,2,0,2,0.0,0.0,0.0,0,0,0,0.0,0,0,0,0,0,0,0,0,
168,2021-11-02 14:14:05 -0600,1,1,26,0,0,0,0,0,15,85,0,0,0,0,0,0,2,7,9,0,2,0,0,65,0,1,30.404273986816406,30.872270584106445,31.262943267822266,30.24846839904785,30.58616828918457,29.78164291381836,0.118757426738739,0.0470247529447078,0.0023910892195999,0.4535098969936371,2,0,2,0.0,0.0,0.0,0,0,0,0.0,0,0,0,0,0,0,0,0,
169,2021-11-02 14:14:10 -0600,1,1,27,0,0,0,0,0,15,85,0,0,0,0,0,0,2,25,9,0,2,0,0,65,0,1,30.274429321289062,31.08055305480957,31.31507873535156,30.092761993408203,30.58616828918457,29.80755424499512,0.1378861367702484,0.0350693054497242,0.0023910892195999,0.3084504902362823,2,0,2,0.0,0.0,0.0,0,0,0,0.0,0,0,0,0,0,0,0,0,
170,2021-11-02 14:14:16 -0600,1,1,28,0,0,0,0,0,15,85,0,0,0,0,0,0,2,93,9,0,2,0,0,65,0,1,30.43025016784668,30.82022857666016,31.18475914001465,30.1446533203125,30.63816261291504,29.91122817993164,0.1394802033901214,0.0414455458521842,0.0023910892195999,0.3100445568561554,2,0,2,0.0,0.0,0.0,0,0,0,0.0,0,0,0,0,0,0,0,0,
171,2021-11-02 14:14:20 -0600,1,1,29,0,0,0,0,0,15,85,0,0,0,0,0,0,2,251,9,0,2,0,0,65,0,1,30.404273986816406,30.976390838623047,31.08055305480957,30.196556091308597,30.326358795166016,30.11870765686035,0.1354950517416,0.0294900983572006,0.001594059402123,0.386559396982193,2,0,2,0.0,0.0,0.0,0,0,0,0.0,0,0,0,0,0,0,0,0,
172,2021-11-02 14:14:25 -0600,1,1,30,0,0,0,0,0,15,85,0,0,0,0,0,0,2,75,9,0,2,0,0,65,0,1,30.61216354370117,30.924325942993164,31.18475914001465,30.040882110595703,30.63816261291504,29.729825973510746,0.1434653401374817,0.0462277233600616,0.0023910892195999,0.1649851500988006,2,0,2,0.0,0.0,0.0,0,0,0,0.0,0,0,0,0,0,0,0,0,
173,2021-11-02 14:14:31 -0600,1,1,31,0,0,0,0,0,15,85,0,0,0,0,0,0,2,78,9,0,2,0,0,65,0,1,30.35232734680176,31.002426147460938,31.262943267822266,30.274429321289062,30.534183502197266,29.91122817993164,0.1394802033901214,0.0462277233600616,0.0023910892195999,0.1960693001747131,2,0,2,0.0,0.0,0.0,0,0,0,0.0,0,0,0,0,0,0,0,0,
174,2021-11-02 14:14:36 -0600,1,1,32,0,0,0,0,0,15,85,0,0,0,0,0,0,2,222,9,0,2,0,0,65,0,1,30.45623016357422,30.976390838623047,31.18475914001465,30.222511291503903,30.534183502197266,30.01494598388672,0.1370891034603119,0.0342722758650779,0.0023910892195999,0.1570148468017578,2,0,2,0.0,0.0,0.0,0,0,0,0.0,0,0,0,0,0,0,0,0,
175,2021-11-02 14:14:41 -0600,1,1,33,0,0,0,0,0,15,85,0,0,0,0,0,0,2,229,9,0,2,0,0,65,0,1,30.43025016784668,31.002426147460938,31.13265037536621,30.300392150878903,30.716175079345703,29.8593864440918,0.1147722750902175,0.0422425754368305,0.0023910892195999,0.292509913444519,2,0,2,0.0,0.0,0.0,0,0,0,0.0,0,0,0,0,0,0,0,0,
176,2021-11-02 14:14:46 -0600,1,1,34,0,0,0,0,0,15,85,0,0,0,0,0,0,2,247,9,0,2,0,0,65,0,1,30.45623016357422,31.028467178344727,31.31507873535156,30.300392150878903,30.690168380737305,29.652122497558597,0.1028168350458145,0.0342722758650779,0.0023910892195999,0.2717871367931366,2,0,2,0.0,0.0,0.0,0,0,0,0.0,0,0,0,0,0,0,0,0,
177,2021-11-02 14:14:50 -0600,1,1,35,0,0,0,0,0,15,85,0,0,0,0,0,0,2,143,9,0,2,0,0,65,0,1,30.534183502197266,31.028467178344727,31.65422821044922,30.222511291503903,30.716175079345703,29.88530540466309,0.1291188150644302,0.047821782529354,0.0023910892195999,0.354678213596344,2,0,2,0.0,0.0,0.0,0,0,0,0.0,0,0,0,0,0,0,0,0,
178,2021-11-02 14:14:56 -0600,1,1,36,0,0,0,0,0,15,85,0,0,0,0,0,0,2,187,9,0,2,0,0,65,0,1,30.508195877075195,30.89829635620117,31.236879348754883,30.222511291503903,30.5601749420166,29.91122817993164,0.1602029651403427,0.0549950487911701,0.0023910892195999,0.2399059385061264,2,0,2,0.0,0.0,0.0,0,0,0,0.0,0,0,0,0,0,0,0,0,
179,2021-11-02 14:15:00 -0600,1,1,37,0,0,0,0,0,15,85,0,0,0,0,0,0,2,189,9,0,2,0,0,65,0,1,30.45623016357422,30.95035743713379,31.34115028381348,30.1446533203125,30.74218368530273,30.040882110595703,0.1219455450773239,0.0342722758650779,0.001594059402123,0.418440580368042,2,0,2,0.0,0.0,0.0,0,0,0,0.0,0,0,0,0,0,0,0,0,
180,2021-11-02 14:15:06 -0600,1,1,38,0,0,0,0,0,15,85,0,0,0,0,0,0,2,240,9,0,2,0,0,65,0,1,30.45623016357422,31.106599807739254,31.419382095336918,30.01494598388672,30.716175079345703,29.83346939086914,0.11636633425951,0.0462277233600616,0.0023910892195999,0.3403316736221313,2,0,2,0.0,0.0,0.0,0,0,0,0.0,0,0,0,0,0,0,0,0,
181,2021-11-02 14:15:10 -0600,1,1,39,0,0,0,0,0,15,85,0,0,0,0,0,0,2,148,9,0,2,0,0,65,0,1,30.508195877075195,31.05450820922852,31.39330291748047,30.326358795166016,30.89829635620117,29.989011764526367,0.1068019792437553,0.0326782166957855,0.001594059402123,0.1952722817659378,2,0,2,0.0,0.0,0.0,0,0,0,0.0,0,0,0,0,0,0,0,0,
182,2021-11-02 14:15:15 -0600,1,1,40,0,0,0,0,0,15,85,0,0,0,0,0,0,2,180,9,0,2,0,0,65,0,1,30.48221206665039,31.002426147460938,31.28900909423828,30.35232734680176,30.58616828918457,29.96308135986328,0.1179603934288024,0.0605742558836936,0.0023910892195999,0.1769405901432037,2,0,2,0.0,0.0,0.0,0,0,0,0.0,0,0,0,0,0,0,0,0,
183,2021-11-02 14:15:21 -0600,1,1,41,0,0,0,0,0,15,85,0,0,0,0,0,0,2,158,9,0,2,0,0,65,0,1,30.5601749420166,31.08055305480957,31.262943267822266,30.326358795166016,30.82022857666016,29.989011764526367,0.1299158483743667,0.058183167129755,0.0023910892195999,0.3180148601531982,2,0,2,0.0,0.0,0.0,0,0,0,0.0,0,0,0,0,0,0,0,0,
184,2021-11-02 14:15:26 -0600,1,1,42,0,0,0,0,0,15,85,0,0,0,0,0,0,2,67,9,0,2,0,0,65,0,1,30.508195877075195,31.028467178344727,31.445465087890625,30.300392150878903,30.404273986816406,30.01494598388672,0.1275247484445572,0.0382574275135993,0.0023910892195999,0.2813514769077301,2,0,2,0.0,0.0,0.0,0,0,0,0.0,0,0,0,0,0,0,0,0,
185,2021-11-02 14:15:31 -0600,1,1,43,0,0,0,0,0,15,85,0,0,0,0,0,0,2,54,9,0,2,0,0,65,0,1,30.45623016357422,31.106599807739254,31.367225646972656,30.170604705810547,30.82022857666016,30.040882110595703,0.1426683217287063,0.0526039600372314,0.0023910892195999,0.290915846824646,2,0,2,0.0,0.0,0.0,0,0,0,0.0,0,0,0,0,0,0,0,0,
186,2021-11-02 14:15:36 -0600,1,1,44,0,0,0,0,0,15,85,0,0,0,0,0,0,2,205,9,0,2,0,0,65,0,1,30.508195877075195,31.05450820922852,31.445465087890625,30.11870765686035,30.79421043395996,30.092761993408203,0.1139752492308616,0.0358663350343704,0.0023910892195999,0.2016485184431076,2,0,2,0.0,0.0,0.0,0,0,0,0.0,0,0,0,0,0,0,0,0,
187,2021-11-02 14:15:41 -0600,1,1,45,0,0,0,0,0,15,85,0,0,0,0,0,0,2,120,9,0,2,0,0,65,0,1,30.5601749420166,31.1587028503418,31.31507873535156,30.43025016784668,30.76819610595703,30.01494598388672,0.1362920850515365,0.0255049504339694,0.001594059402123,0.2917128801345825,2,0,2,0.0,0.0,0.0,0,0,0,0.0,0,0,0,0,0,0,0,0,
188,2021-11-02 14:15:46 -0600,1,1,46,0,0,0,0,0,15,85,0,0,0,0,0,0,2,203,9,0,2,0,0,65,0,1,30.5601749420166,31.1587028503418,31.419382095336918,30.37829971313477,30.872270584106445,29.989011764526367,0.1203514859080314,0.0350693054497242,0.0023910892195999,0.2964950501918793,2,0,2,0.0,0.0,0.0,0,0,0,0.0,0,0,0,0,0,0,0,0,
189,2021-11-02 14:15:50 -0600,1,1,47,0,0,0,0,0,15,85,0,0,0,0,0,0,2,0,9,0,2,0,0,65,0,1,30.508195877075195,31.236879348754883,31.419382095336918,30.35232734680176,30.846248626708984,30.040882110595703,0.0948465317487716,0.010361386463046,0.0023910892195999,0.2972920835018158,2,0,2,0.0,0.0,0.0,0,0,0,0.0,0,0,0,0,0,0,0,0,
190,2021-11-02 14:15:55 -0600,1,1,48,0,0,0,0,0,15,85,0,0,0,0,0,0,2,2,9,0,2,0,0,65,0,1,30.5601749420166,31.236879348754883,30.89829635620117,30.35232734680176,30.508195877075195,30.11870765686035,0.1307128667831421,0.0151435639709234,0.0023910892195999,0.205633670091629,2,0,2,0.0,0.0,0.0,0,0,0,0.0,0,0,0,0,0,0,0,0,
191,2021-11-02 14:16:01 -0600,1,1,49,0,0,0,0,0,15,85,0,0,0,0,0,0,2,75,9,0,2,0,0,65,0,1,30.534183502197266,31.262943267822266,31.39330291748047,30.35232734680176,31.106599807739254,29.937152862548828,0.1211485117673873,0.0223168320953845,0.0023910892195999,0.1984604001045227,2,0,2,0.0,0.0,0.0,0,0,0,0.0,0,0,0,0,0,0,0,0,
192,2021-11-02 14:16:05 -0600,1,1,50,0,0,0,0,0,15,85,0,0,0,0,0,0,2,238,9,0,2,0,0,65,0,1,30.82022857666016,31.18475914001465,31.49764060974121,30.24846839904785,30.924325942993164,29.989011764526367,0.0892673283815383,0.0119554456323385,0.0023910892195999,0.3259851336479187,2,0,2,0.0,0.0,0.0,0,0,0,0.0,0,0,0,0,0,0,0,0,
193,2021-11-02 14:16:11 -0600,1,1,51,0,0,0,0,0,15,85,0,0,0,0,0,0,2,160,9,0,2,0,0,65,0,1,30.61216354370117,31.210817337036133,30.89829635620117,30.404273986816406,30.58616828918457,29.989011764526367,0.133900985121727,0.0414455458521842,0.0023910892195999,0.2980891168117523,2,0,2,0.0,0.0,0.0,0,0,0,0.0,0,0,0,0,0,0,0,0,
194,2021-11-02 14:16:15 -0600,1,1,52,0,0,0,0,0,15,85,0,0,0,0,0,0,2,53,9,0,2,0,0,65,0,1,30.5601749420166,31.236879348754883,31.5759220123291,30.45623016357422,30.846248626708984,29.937152862548828,0.1123811900615692,0.031084157526493,0.0023910892195999,0.3235940635204315,2,0,2,0.0,0.0,0.0,0,0,0,0.0,0,0,0,0,0,0,0,0,
195,2021-11-02 14:16:21 -0600,1,1,53,0,0,0,0,0,15,85,0,0,0,0,0,0,2,49,9,0,2,0,0,65,0,1,30.66416358947754,31.262943267822266,31.31507873535156,30.534183502197266,30.95035743713379,30.11870765686035,0.1331039667129516,0.0247079208493232,0.001594059402123,0.2311386168003082,2,0,2,0.0,0.0,0.0,0,0,0,0.0,0,0,0,0,0,0,0,0,
196,2021-11-02 14:16:26 -0600,1,1,54,0,0,0,0,0,15,85,0,0,0,0,0,0,2,29,9,0,2,0,0,65,0,1,30.63816261291504,31.1587028503418,31.4715518951416,30.37829971313477,30.872270584106445,30.040882110595703,0.1155693084001541,0.0159405935555696,0.0031881188042461,0.2335297018289566,2,0,2,0.0,0.0,0.0,0,0,0,0.0,0,0,0,0,0,0,0,0,
197,2021-11-02 14:16:30 -0600,1,1,55,0,0,0,0,0,15,85,0,0,0,0,0,0,2,244,9,0,2,0,0,65,0,1,30.534183502197266,31.236879348754883,31.445465087890625,30.404273986816406,30.872270584106445,30.1446533203125,0.1394802033901214,0.0526039600372314,0.0023910892195999,0.3267821669578552,2,0,2,0.0,0.0,0.0,0,0,0,0.0,0,0,0,0,0,0,0,0,
198,2021-11-02 14:16:36 -0600,1,1,56,0,0,0,0,0,15,85,0,0,0,0,0,0,2,242,9,0,2,0,0,65,0,1,30.872270584106445,31.367225646972656,31.34115028381348,30.58616828918457,31.002426147460938,30.11870765686035,0.1410742551088333,0.031084157526493,0.0023910892195999,0.2741782069206238,2,0,2,0.0,0.0,0.0,0,0,0,0.0,0,0,0,0,0,0,0,0,
199,2021-11-02 14:16:41 -0600,1,1,57,0,0,0,0,0,15,85,0,0,0,0,0,0,2,43,9,0,2,0,0,65,0,1,30.690168380737305,31.28900909423828,31.549823760986328,30.43025016784668,30.872270584106445,30.170604705810547,0.1354950517416,0.047821782529354,0.0023910892195999,0.199257418513298,2,0,2,0.0,0.0,0.0,0,0,0,0.0,0,0,0,0,0,0,0,0,
200,2021-11-02 14:16:46 -0600,1,1,58,0,0,0,0,0,15,85,85,0,0,0,0,0,2,96,9,0,2,0,0,97,0,1,30.45623016357422,31.13265037536621,31.210817337036133,30.326358795166016,30.63816261291504,30.040882110595703,0.1402772217988968,0.0151435639709234,1.472113847732544,0.3060594201087951,0,1,1,28.299999237060547,-100.0,22.899999618530277,122,273,2147,30.0,0,0,0,0,0,0,0,0,
201,2021-11-02 14:16:51 -0600,1,1,59,0,0,0,0,0,15,85,85,0,0,0,0,0,2,217,9,0,2,0,0,97,0,0,30.61216354370117,31.106599807739254,31.262943267822266,30.326358795166016,30.872270584106445,29.88530540466309,0.1370891034603119,0.0549950487911701,1.4370445013046265,0.4280049502849579,0,1,1,29.0,-100.0,22.899999618530277,124,301,2206,30.0,0,0,0,0,0,0,0,0,
202,2021-11-02 14:16:56 -0600,1,1,60,0,0,0,0,0,15,85,85,0,0,0,0,0,2,163,9,0,2,0,0,97,0,1,30.45623016357422,31.4715518951416,31.34115028381348,30.37829971313477,30.89829635620117,30.066822052001957,0.1466534584760666,0.0318811871111393,1.420306921005249,0.1721584200859069,0,1,1,29.5,-100.0,22.899999618530277,125,304,2212,30.0,0,0,0,0,0,0,0,0,
203,2021-11-02 14:17:01 -0600,1,1,61,0,0,0,0,0,15,85,85,0,0,0,0,0,2,192,9,0,2,0,0,97,0,1,30.66416358947754,31.28900909423828,31.262943267822266,30.58616828918457,30.74218368530273,29.8593864440918,0.1442623734474182,0.0294900983572006,1.468128681182861,0.1817227751016616,0,1,1,29.799999237060547,-100.0,22.899999618530277,125,304,2212,30.0,0,0,0,0,0,0,0,0,
204,2021-11-02 14:17:06 -0600,1,1,62,0,0,0,0,0,15,85,85,0,0,0,0,0,2,73,9,0,2,0,0,97,0,1,30.534183502197266,31.39330291748047,31.445465087890625,30.48221206665039,30.872270584106445,29.96308135986328,0.1155693084001541,0.0430396050214767,1.4657375812530518,0.4152524769306183,0,1,1,30.0,-100.0,22.899999618530277,125,304,2212,30.0,0,0,0,0,0,0,0,0,
205,2021-11-02 14:17:17 -0600,1,1,63,0,0,0,0,0,15,85,85,0,0,0,0,0,2,127,9,0,2,0,0,97,0,1,30.690168380737305,31.419382095336918,31.549823760986328,30.63816261291504,30.95035743713379,30.11870765686035,0.1378861367702484,0.0175346527248621,1.4370445013046265,0.1450594067573547,0,1,1,30.200000762939453,-100.0,22.899999618530277,125,304,2212,31.0,0,0,0,0,0,0,0,0,
206,2021-11-02 14:17:18 -0600,1,1,64,0,0,0,0,0,15,85,85,0,0,0,0,0,2,108,9,0,2,0,0,97,0,1,30.63816261291504,31.628122329711918,31.49764060974121,30.872270584106445,30.872270584106445,29.989011764526367,0.1171633675694465,0.0318811871111393,1.4370445013046265,0.3467079102993011,0,1,1,30.299999237060547,-100.0,22.899999618530277,125,304,2212,31.0,0,0,0,0,0,0,0,0,
207,2021-11-02 14:17:29 -0600,1,1,65,0,0,0,0,0,15,85,85,0,0,0,0,0,2,41,9,0,2,0,0,97,0,1,30.63816261291504,31.49764060974121,31.4715518951416,30.82022857666016,30.79421043395996,29.937152862548828,0.1083960384130477,0.0422425754368305,1.4386385679244995,0.2454851418733596,0,1,1,30.5,-100.0,22.899999618530277,124,304,2213,31.0,0,0,0,0,0,0,0,0,
208,2021-11-02 14:17:31 -0600,1,1,66,0,0,0,0,0,15,85,85,0,0,0,0,0,2,249,9,0,2,0,0,97,0,1,30.846248626708984,31.65422821044922,31.5759220123291,30.76819610595703,30.976390838623047,30.1446533203125,0.1235396042466163,0.0454306937754154,1.4521881341934204,0.1617970317602157,0,1,1,30.600000381469727,-100.0,22.899999618530277,124,304,2212,31.0,0,0,0,0,0,0,0,0,
209,2021-11-02 14:17:34 -0600,1,1,67,0,0,0,0,0,15,85,85,0,0,0,0,0,2,72,9,0,2,0,0,97,0,1,30.82022857666016,31.8109130859375,31.49764060974121,30.89829635620117,30.846248626708984,30.092761993408203,0.1346980184316635,0.0270990096032619,1.4147276878356934,0.3419257402420044,0,1,1,30.700000762939453,-100.0,22.899999618530277,124,304,2213,32.0,0,0,0,0,0,0,0,0,
210,2021-11-02 14:17:36 -0600,1,1,68,0,0,0,0,0,15,85,85,0,0,0,0,0,2,120,9,0,2,0,0,97,0,1,30.74218368530273,31.523731231689453,31.706445693969727,31.05450820922852,30.95035743713379,30.222511291503903,0.1354950517416,0.0366633646190166,1.421900987625122,0.1896930634975433,0,1,1,30.799999237060547,-100.0,22.899999618530277,123,304,2212,32.0,0,0,0,0,0,0,0,0,
211,2021-11-02 14:17:41 -0600,1,1,69,0,0,0,0,0,15,85,85,0,0,0,0,0,2,201,9,0,2,0,0,97,0,1,30.79421043395996,31.889293670654297,31.602020263671875,31.13265037536621,31.05450820922852,30.092761993408203,0.0900643542408943,0.0318811871111393,1.4497970342636108,0.2781633734703064,0,1,1,30.899999618530277,-100.0,22.899999618530277,123,304,2213,32.0,0,0,0,0,0,0,0,0,
212,2021-11-02 14:17:46 -0600,1,1,70,0,0,0,0,0,15,85,85,0,0,0,0,0,2,24,9,0,2,0,0,97,0,1,30.76819610595703,32.04612731933594,31.602020263671875,31.18475914001465,31.002426147460938,30.1446533203125,0.1203514859080314,0.0151435639709234,1.4322624206542969,0.2430940568447113,0,1,1,30.899999618530277,-100.0,22.899999618530277,123,304,2213,32.0,0,0,0,0,0,0,0,0,
213,2021-11-02 14:17:51 -0600,1,1,71,0,0,0,0,0,15,85,85,0,0,0,0,0,2,61,9,0,2,0,0,97,0,1,30.82022857666016,32.0722770690918,31.628122329711918,31.210817337036133,31.08055305480957,30.01494598388672,0.1044108942151069,0.0294900983572006,1.4609555006027222,0.3084504902362823,0,1,1,31.0,-100.0,22.899999618530277,123,304,2212,33.0,0,0,0,0,0,0,0,0,
214,2021-11-02 14:17:56 -0600,1,1,72,0,0,0,0,0,15,85,85,0,0,0,0,0,2,103,9,0,2,0,0,97,0,1,30.924325942993164,32.098426818847656,31.86316299438477,31.34115028381348,30.89829635620117,29.989011764526367,0.1315099000930786,0.0302871279418468,1.4466089010238647,0.3283762335777282,0,1,1,31.100000381469727,-100.0,22.899999618530277,123,304,2213,33.0,0,0,0,0,0,0,0,0,
215,2021-11-02 14:18:01 -0600,1,1,73,0,0,0,0,0,15,85,85,0,0,0,0,0,2,67,9,0,2,0,0,97,0,1,31.05450820922852,32.15073776245117,31.73255729675293,31.210817337036133,31.106599807739254,30.11870765686035,0.1227425709366798,0.0374603942036628,1.4593614339828491,0.2662079334259033,0,1,1,31.200000762939453,-100.0,22.899999618530277,123,304,2212,33.0,0,0,0,0,0,0,0,0,
216,2021-11-02 14:18:06 -0600,1,1,74,0,0,0,0,0,15,85,85,0,0,0,0,0,2,229,9,0,2,0,0,97,0,1,30.976390838623047,32.28156280517578,31.915424346923828,31.28900909423828,31.13265037536621,30.11870765686035,0.1354950517416,0.0278960391879081,1.417118787765503,0.2422970235347747,0,1,1,31.299999237060547,-100.0,22.899999618530277,123,304,2212,33.0,0,0,0,0,0,0,0,0,
217,2021-11-02 14:18:11 -0600,1,1,75,0,0,0,0,0,15,85,85,0,0,0,0,0,2,80,9,0,2,0,0,97,0,1,31.13265037536621,32.25539016723633,31.837038040161133,31.39330291748047,31.05450820922852,30.196556091308597,0.1299158483743667,0.0430396050214767,1.4466089010238647,0.2933069169521332,0,1,1,31.299999237060547,-100.0,22.899999618530277,122,304,2213,33.0,0,0,0,0,0,0,0,0,
218,2021-11-02 14:18:16 -0600,1,1,76,0,0,0,0,0,15,85,85,0,0,0,0,0,2,128,9,0,2,0,0,97,0,1,30.95035743713379,32.36008834838867,32.0722770690918,31.31507873535156,31.262943267822266,30.1446533203125,0.1378861367702484,0.0191287137567996,1.456173300743103,0.3658366203308105,0,1,1,31.399999618530277,-100.0,22.899999618530277,122,304,2213,34.0,0,0,0,0,0,0,0,0,
219,2021-11-02 14:18:21 -0600,1,1,77,0,0,0,0,0,15,85,85,0,0,0,0,0,2,72,9,0,2,0,0,97,0,1,31.1587028503418,32.41245651245117,32.17689514160156,31.367225646972656,31.18475914001465,30.170604705810547,0.1115841567516326,0.0095643568783998,1.439435601234436,0.3283762335777282,0,1,1,31.5,-100.0,22.899999618530277,122,304,2213,34.0,0,0,0,0,0,0,0,0,
220,2021-11-02 14:18:26 -0600,1,1,78,0,0,0,0,0,15,85,85,0,0,0,0,0,2,228,9,0,2,0,0,97,0,1,31.236879348754883,32.36008834838867,32.019981384277344,31.628122329711918,31.236879348754883,30.196556091308597,0.1251336634159088,0.0318811871111393,1.451391100883484,0.3570693135261535,0,1,1,31.5,-100.0,22.899999618530277,122,304,2213,34.0,0,0,0,0,0,0,0,0,
221,2021-11-02 14:18:31 -0600,1,1,79,0,0,0,0,0,15,85,85,0,0,0,0,0,2,129,9,0,2,0,0,97,0,1,31.13265037536621,32.4648323059082,32.229225158691406,31.419382095336918,31.236879348754883,30.24846839904785,0.1370891034603119,0.0605742558836936,1.4609555006027222,0.2901188135147095,0,1,1,31.600000381469727,-100.0,22.899999618530277,122,304,2213,34.0,0,0,0,0,0,0,0,0,
222,2021-11-02 14:18:36 -0600,1,1,80,0,0,0,0,0,15,85,85,0,0,0,0,0,2,82,9,0,2,0,0,97,0,1,31.34115028381348,32.38627243041992,32.25539016723633,31.549823760986328,31.31507873535156,30.48221206665039,0.1243366301059722,0.0294900983572006,1.4370445013046265,0.2757722735404968,0,1,1,31.700000762939453,-100.0,22.899999618530277,122,304,2213,34.0,0,0,0,0,0,0,0,0,
223,2021-11-02 14:18:41 -0600,1,1,81,0,0,0,0,0,15,85,85,0,0,0,0,0,2,91,9,0,2,0,0,97,0,1,31.18475914001465,32.51721954345703,32.203060150146484,31.549823760986328,31.367225646972656,30.196556091308597,0.1410742551088333,0.040648516267538,1.4306683540344238,0.3993118703365326,0,1,1,31.700000762939453,-100.0,22.899999618530277,121,304,2213,34.0,0,0,0,0,0,0,0,0,
224,2021-11-02 14:18:46 -0600,1,1,82,0,0,0,0,0,15,85,85,0,0,0,0,0,2,218,9,0,2,0,0,97,0,0,31.31507873535156,33.01544952392578,32.203060150146484,31.941560745239254,31.28900909423828,30.196556091308597,0.11636633425951,0.0278960391879081,1.4139306545257568,0.2391089051961898,0,1,1,31.799999237060547,-100.0,22.899999618530277,121,304,2213,34.0,0,0,0,0,0,0,0,0,
225,2021-11-02 14:18:51 -0600,1,1,83,0,0,0,0,0,15,85,85,0,0,0,0,0,2,46,9,0,2,0,0,97,0,1,31.39330291748047,32.72687911987305,32.04612731933594,31.680334091186523,31.445465087890625,30.11870765686035,0.1036138609051704,0.0318811871111393,1.41552472114563,0.441554456949234,0,1,1,31.799999237060547,-100.0,22.899999618530277,122,304,2213,34.0,0,0,0,0,0,0,0,0,
226,2021-11-02 14:18:56 -0600,1,1,84,0,0,0,0,0,15,85,85,0,0,0,0,0,2,120,9,0,2,0,0,97,0,1,31.419382095336918,32.64823532104492,32.33391189575195,31.75867462158203,31.34115028381348,30.326358795166016,0.1315099000930786,0.0318811871111393,1.397990107536316,0.3554752469062805,0,1,1,31.899999618530277,-100.0,22.899999618530277,122,304,2213,35.0,0,0,0,0,0,0,0,0,
227,2021-11-02 14:19:01 -0600,1,1,85,0,0,0,0,0,15,85,85,0,0,0,0,0,2,157,9,0,2,0,0,97,0,1,31.31507873535156,32.93671798706055,32.51721954345703,31.915424346923828,31.680334091186523,30.43025016784668,0.1195544525980949,0.0390544570982456,0.1315099000930786,0.3307673335075378,0,1,0,31.5,-100.0,-100.0,0,9,31,35.0,0,0,0,0,0,0,0,0,
228,2021-11-02 14:19:06 -0600,1,1,86,0,0,0,0,0,15,85,15,0,0,0,0,0,2,132,9,0,2,0,0,97,0,1,31.680334091186523,32.72687911987305,32.491024017333984,32.12458038330078,31.5759220123291,30.45623016357422,0.1227425709366798,0.0374603942036628,0.0023910892195999,0.2582376301288605,2,0,2,0.0,0.0,0.0,0,0,0,0.0,0,0,0,0,0,0,0,0,
229,2021-11-02 14:19:11 -0600,1,1,87,0,0,0,0,0,15,85,15,0,0,0,0,0,2,237,9,0,2,0,0,97,0,1,31.680334091186523,32.98920440673828,32.569618225097656,32.04612731933594,31.680334091186523,30.508195877075195,0.1227425709366798,0.0294900983572006,0.0023910892195999,0.1880990117788314,2,0,2,0.0,0.0,0.0,0,0,0,0.0,0,0,0,0,0,0,0,0,
230,2021-11-02 14:19:16 -0600,1,1,88,0,0,0,0,0,15,85,15,0,0,0,0,0,2,248,9,0,2,0,0,97,0,1,31.65422821044922,32.91047668457031,32.543418884277344,31.941560745239254,31.5759220123291,30.66416358947754,0.1044108942151069,0.0127524752169847,0.0031881188042461,0.2502673268318176,2,0,2,0.0,0.0,0.0,0,0,0,0.0,0,0,0,0,0,0,0,0,
231,2021-11-02 14:19:21 -0600,1,1,89,0,0,0,0,0,15,85,85,0,0,0,0,0,2,60,9,0,2,0,0,97,0,1,31.75867462158203,32.96295928955078,32.595821380615234,31.993837356567383,31.73255729675293,30.58616828918457,0.1386831700801849,0.058183167129755,0.1131782159209251,0.2741782069206238,2,0,2,0.0,0.0,0.0,0,0,0,0.0,0,0,0,0,0,0,0,0,
232,2021-11-02 14:19:26 -0600,1,1,90,0,0,0,0,0,15,85,85,0,0,0,0,0,2,211,9,0,2,0,0,97,0,1,31.706445693969727,32.884239196777344,32.64823532104492,31.86316299438477,31.602020263671875,30.63816261291504,0.1721584200859069,0.0167376231402158,0.6535643339157104,0.2255593985319137,0,1,1,30.399999618530277,-100.0,-100.0,120,293,604,34.0,0,0,0,0,0,0,0,0,
233,2021-11-02 14:19:31 -0600,1,1,91,0,0,0,0,0,15,85,85,0,0,0,0,0,2,236,9,0,2,0,0,97,0,1,31.73255729675293,32.6744499206543,32.17689514160156,32.019981384277344,31.549823760986328,30.508195877075195,0.1219455450773239,0.0358663350343704,0.6408118605613708,0.2167920768260955,0,1,1,30.600000381469727,-100.0,-100.0,122,303,620,34.0,0,0,0,0,0,0,0,0,
234,2021-11-02 14:19:36 -0600,1,1,92,0,0,0,0,0,15,85,85,0,0,0,0,0,2,192,9,0,2,0,0,97,0,1,31.445465087890625,32.77932357788086,32.70066452026367,31.73255729675293,31.73255729675293,30.58616828918457,0.1354950517416,0.0414455458521842,0.6264653205871582,0.3180148601531982,0,1,1,30.799999237060547,-100.0,-100.0,122,304,621,34.0,0,0,0,0,0,0,0,0,
235,2021-11-02 14:19:41 -0600,1,1,93,0,0,0,0,0,15,85,85,0,0,0,0,0,2,109,9,0,2,0,0,97,0,1,31.784791946411133,32.75310134887695,32.6744499206543,31.523731231689453,31.73255729675293,30.66416358947754,0.1251336634159088,0.0334752462804317,0.6296534538269043,0.2566435635089874,0,1,1,30.799999237060547,-100.0,-100.0,122,304,621,34.0,0,0,0,0,0,0,0,0,
236,2021-11-02 14:19:46 -0600,1,1,94,0,0,0,0,0,15,85,85,0,0,0,0,0,2,35,9,0,2,0,0,97,0,1,31.628122329711918,32.91047668457031,32.6744499206543,32.098426818847656,31.784791946411133,30.58616828918457,0.1323069334030151,0.0390544570982456,0.6487821936607361,0.3100445568561554,0,1,1,30.899999618530277,-100.0,-100.0,122,304,621,34.0,0,0,0,0,0,0,0,0,
237,2021-11-02 14:19:51 -0600,1,1,95,0,0,0,0,0,15,85,85,0,0,0,0,0,2,70,9,0,2,0,0,97,0,1,31.75867462158203,32.75310134887695,32.569618225097656,31.993837356567383,31.837038040161133,30.66416358947754,0.11636633425951,0.0414455458521842,0.654361367225647,0.2877277135848999,0,1,1,30.899999618530277,-100.0,-100.0,122,304,621,34.0,0,0,0,0,0,0,0,0,
238,2021-11-02 14:19:56 -0600,1,1,96,0,0,0,0,0,15,85,85,0,0,0,0,0,2,68,9,0,2,0,0,97,0,1,31.86316299438477,32.70066452026367,32.72687911987305,32.019981384277344,31.86316299438477,30.61216354370117,0.167376235127449,0.0263019800186157,0.6272623538970947,0.2901188135147095,0,1,1,30.899999618530277,-100.0,-100.0,122,304,621,34.0,0,0,0,0,0,0,0,0,
239,2021-11-02 14:20:01 -0600,1,1,97,0,0,0,0,0,15,85,85,0,0,0,0,0,2,138,9,0,2,0,0,97,0,1,31.889293670654297,32.8317756652832,32.75310134887695,31.889293670654297,31.8109130859375,30.5601749420166,0.1283217817544937,0.0326782166957855,0.647188127040863,0.167376235127449,0,1,1,30.899999618530277,-100.0,-100.0,122,304,621,34.0,0,0,0,0,0,0,0,0,
